Workbook

Sheet Dashboard
A1: TABLERO DE RELEVADORES DE PROTECCIÓN Y MEDICIÓN
A2: Refinería Olmeca · SICM Eléctrico · Fuente: PM_RELEVADOR.xlsx (SAP PM, 1,960 equipos, perfil ZPM000263)
A4: Sector (filtro) | C4: (Todos) | G4: Celdas amarillas = seleccione de la lista. El sector filtra KPIs, marcas, modelos, subestaciones y funciones; la gráfica por sector y la de marca × sector muestran siempre todos.
A5: Criterio de sector | C5: Ubicación técnica | G5: Criterio de sector: "Ubicación técnica" toma el sector del código de la ubicación técnica; "Local SAP" usa la columna Local. Difieren en 27 equipos de PRA1 (SE-02), ver hoja Calidad_Datos.
A7: RELEVADORES (filtro) | F7: MARCAS DISTINTAS | K7: MODELOS DISTINTOS (normalizados) | P7: SUBESTACIONES CON RELEVADORES
A8: =COUNTIFS(d_Sector,crit_sector) -> 1960 | F8: =COUNTIFS(Calc!$N$4:$N$13,">0",Calc!$M$4:$M$13,"<>SIN DATO") -> 9 | K8: =COUNTIFS(Calc!$T$4:$T$57,">0",Calc!$R$4:$R$57,"<>SIN DATO") -> 53 | P8: =COUNTIF(Calc!$AB$4:$AB$43,">0") -> 40
A9: =IF($A$8=0,"–",TEXT(COUNTIFS(d_Tipo,"Subestación eléctrica",d_Sector,crit_sector),"#,##0")&" en subestaciones · "&TEXT(COUNTIFS(d_Tipo,"Área de proceso",d_Sector,crit_sector),"#,##0")&" en áreas de proceso") -> 1,416 en subestaciones · 544 en áreas de proceso | F9: ="Marcas normalizadas: GE y GENERAL ELECTRIC unificadas" -> Marcas normalizadas: GE y GENERAL ELECTRIC unificadas | K9: ="Modelos con variantes de escritura unificadas" -> Modelos con variantes de escritura unificadas | P9: =IF($A$8=0,"–",TEXT(COUNTIFS(d_Tipo,"Subestación eléctrica",d_Sector,crit_sector)/$A$8,"0%")&" en subestaciones eléctricas") -> 72% en subestaciones eléctricas
A10: MARCA LÍDER | F10: SIN MARCA O MODELO | K10: MODELOS GENÉRICOS / INCOMPLETOS | P10: EN ÁREA CLASE I DIV. II
A11: =IF($A$8=0,"–",INDEX(Calc!$M$4:$M$13,MATCH(MAX(Calc!$N$4:$N$13),Calc!$N$4:$N$13,0))&" · "&TEXT(MAX(Calc!$N$4:$N$13)/$A$8,"0%")) -> ABB · 42% | F11: =COUNTIFS(d_Completo,"No",d_Sector,crit_sector) -> 51 | K11: =COUNTIFS(d_Gen,"Sí",d_Sector,crit_sector) -> 699 | P11: =COUNTIFS(d_Clase,"CLASE I DIVISION II",d_Sector,crit_sector) -> 156
A12: ="Marca con más relevadores en el filtro" -> Marca con más relevadores en el filtro | F12: =IF($A$8=0,"–",TEXT(F11/$A$8,"0.0%")&" del total (ver Calidad_Datos)") -> 2.6% del total (ver Calidad_Datos) | K12: =IF($A$8=0,"–",TEXT(K11/$A$8,"0.0%")&" del total") -> 35.7% del total | P12: =IF($A$8=0,"–",TEXT(P11/$A$8,"0.0%")&" del total") -> 8.0% del total

Sheet Pivot_Marca_Modelo
A1: TABLA DINÁMICA · RELEVADORES POR MARCA Y MODELO, CLASIFICADOS POR SECTOR
A2: Fórmulas COUNTIFS sobre la hoja Datos: se recalculan al cambiar los filtros o los datos. Cada marca lleva su total y debajo sus modelos.
A3: Subestación | B3: (Todas) | D3: criterio: | E3: =IF($B$3="(Todas)","*",$B$3) -> *
A4: Tipo de ubicación | B4: (Todos) | D4: criterio: | E4: =IF($B$4="(Todos)","*",$B$4) -> *
A6: Marca | B6: Modelo | C6: Sector 1 | D6: Sector 2 | E6: Sector 3 | F6: Sector 4 | G6: Sector 5 | H6: Sector 6 | I6: Sector 7 | J6: Sector 8 | K6: Total | L6: % del total
A7: ABB | B7: Total ABB | C7: =COUNTIFS(d_Marca,$A7,d_Sector,C$6,d_Subest,$E$3,d_Tipo,$E$4) -> 214 | D7: =COUNTIFS(d_Marca,$A7,d_Sector,D$6,d_Subest,$E$3,d_Tipo,$E$4) -> 123 | E7: =COUNTIFS(d_Marca,$A7,d_Sector,E$6,d_Subest,$E$3,d_Tipo,$E$4) -> 48 | F7: =COUNTIFS(d_Marca,$A7,d_Sector,F$6,d_Subest,$E$3,d_Tipo,$E$4) -> 23 | G7: =COUNTIFS(d_Marca,$A7,d_Sector,G$6,d_Subest,$E$3,d_Tipo,$E$4) -> 36 | H7: =COUNTIFS(d_Marca,$A7,d_Sector,H$6,d_Subest,$E$3,d_Tipo,$E$4) -> 132 | I7: =COUNTIFS(d_Marca,$A7,d_Sector,I$6,d_Subest,$E$3,d_Tipo,$E$4) -> 8 | J7: =COUNTIFS(d_Marca,$A7,d_Sector,J$6,d_Subest,$E$3,d_Tipo,$E$4) -> 232 | K7: =SUM(C7:J7) -> 816 | L7: =IF($K$71=0,0,K7/$K$71) -> 0.41632653
A8: ABB | B8: 1AFFAEAGNEC5BNA11G | C8: =COUNTIFS(d_Marca,$A8,d_Modelo,$B8,d_Sector,C$6,d_Subest,$E$3,d_Tipo,$E$4) -> 147 | D8: =COUNTIFS(d_Marca,$A8,d_Modelo,$B8,d_Sector,D$6,d_Subest,$E$3,d_Tipo,$E$4) -> 36 | E8: =COUNTIFS(d_Marca,$A8,d_Modelo,$B8,d_Sector,E$6,d_Subest,$E$3,d_Tipo,$E$4) -> 0 | F8: =COUNTIFS(d_Marca,$A8,d_Modelo,$B8,d_Sector,F$6,d_Subest,$E$3,d_Tipo,$E$4) -> 0 | G8: =COUNTIFS(d_Marca,$A8,d_Modelo,$B8,d_Sector,G$6,d_Subest,$E$3,d_Tipo,$E$4) -> 0 | H8: =COUNTIFS(d_Marca,$A8,d_Modelo,$B8,d_Sector,H$6,d_Subest,$E$3,d_Tipo,$E$4) -> 0 | I8: =COUNTIFS(d_Marca,$A8,d_Modelo,$B8,d_Sector,I$6,d_Subest,$E$3,d_Tipo,$E$4) -> 0 | J8: =COUNTIFS(d_Marca,$A8,d_Modelo,$B8,d_Sector,J$6,d_Subest,$E$3,d_Tipo,$E$4) -> 1 | K8: =SUM(C8:J8) -> 184 | L8: =IF($K$71=0,0,K8/$K$71) -> 0.093877551
A9: ABB | B9: REF615A_1G | C9: =COUNTIFS(d_Marca,$A9,d_Modelo,$B9,d_Sector,C$6,d_Subest,$E$3,d_Tipo,$E$4) -> 0 | D9: =COUNTIFS(d_Marca,$A9,d_Modelo,$B9,d_Sector,D$6,d_Subest,$E$3,d_Tipo,$E$4) -> 0 | E9: =COUNTIFS(d_Marca,$A9,d_Modelo,$B9,d_Sector,E$6,d_Subest,$E$3,d_Tipo,$E$4) -> 0 | F9: =COUNTIFS(d_Marca,$A9,d_Modelo,$B9,d_Sector,F$6,d_Subest,$E$3,d_Tipo,$E$4) -> 0 | G9: =COUNTIFS(d_Marca,$A9,d_Modelo,$B9,d_Sector,G$6,d_Subest,$E$3,d_Tipo,$E$4) -> 0 | H9: =COUNTIFS(d_Marca,$A9,d_Modelo,$B9,d_Sector,H$6,d_Subest,$E$3,d_Tipo,$E$4) -> 69 | I9: =COUNTIFS(d_Marca,$A9,d_Modelo,$B9,d_Sector,I$6,d_Subest,$E$3,d_Tipo,$E$4) -> 0 | J9: =COUNTIFS(d_Marca,$A9,d_Modelo,$B9,d_Sector,J$6,d_Subest,$E$3,d_Tipo,$E$4) -> 98 | K9: =SUM(C9:J9) -> 167 | L9: =IF($K$71=0,0,K9/$K$71) -> 0.085204082
A10: ABB | B10: 1AMEBCADNEC5BNN11G | C10: =COUNTIFS(d_Marca,$A10,d_Modelo,$B10,d_Sector,C$6,d_Subest,$E$3,d_Tipo,$E$4) -> 38 | D10: =COUNTIFS(d_Marca,$A10,d_Modelo,$B10,d_Sector,D$6,d_Subest,$E$3,d_Tipo,$E$4) -> 47 | E10: =COUNTIFS(d_Marca,$A10,d_Modelo,$B10,d_Sector,E$6,d_Subest,$E$3,d_Tipo,$E$4) -> 0 | F10: =COUNTIFS(d_Marca,$A10,d_Modelo,$B10,d_Sector,F$6,d_Subest,$E$3,d_Tipo,$E$4) -> 0 | G10: =COUNTIFS(d_Marca,$A10,d_Modelo,$B10,d_Sector,G$6,d_Subest,$E$3,d_Tipo,$E$4) -> 0 | H10: =COUNTIFS(d_Marca,$A10,d_Modelo,$B10,d_Sector,H$6,d_Subest,$E$3,d_Tipo,$E$4) -> 0 | I10: =COUNTIFS(d_Marca,$A10,d_Modelo,$B10,d_Sector,I$6,d_Subest,$E$3,d_Tipo,$E$4) -> 0 | J10: =COUNTIFS(d_Marca,$A10,d_Modelo,$B10,d_Sector,J$6,d_Subest,$E$3,d_Tipo,$E$4) -> 0 | K10: =SUM(C10:J10) -> 85 | L10: =IF($K$71=0,0,K10/$K$71) -> 0.043367347
A11: ABB | B11: REF | C11: =COUNTIFS(d_Marca,$A11,d_Modelo,$B11,d_Sector,C$6,d_Subest,$E$3,d_Tipo,$E$4) -> 0 | D11: =COUNTIFS(d_Marca,$A11,d_Modelo,$B11,d_Sector,D$6,d_Subest,$E$3,d_Tipo,$E$4) -> 0 | E11: =COUNTIFS(d_Marca,$A11,d_Modelo,$B11,d_Sector,E$6,d_Subest,$E$3,d_Tipo,$E$4) -> 29 | F11: =COUNTIFS(d_Marca,$A11,d_Modelo,$B11,d_Sector,F$6,d_Subest,$E$3,d_Tipo,$E$4) -> 11 | G11: =COUNTIFS(d_Marca,$A11,d_Modelo,$B11,d_Sector,G$6,d_Subest,$E$3,d_Tipo,$E$4) -> 23 | H11: =COUNTIFS(d_Marca,$A11,d_Modelo,$B11,d_Sector,H$6,d_Subest,$E$3,d_Tipo,$E$4) -> 0 | I11: =COUNTIFS(d_Marca,$A11,d_Modelo,$B11,d_Sector,I$6,d_Subest,$E$3,d_Tipo,$E$4) -> 4 | J11: =COUNTIFS(d_Marca,$A11,d_Modelo,$B11,d_Sector,J$6,d_Subest,$E$3,d_Tipo,$E$4) -> 0 | K11: =SUM(C11:J11) -> 67 | L11: =IF($K$71=0,0,K11/$K$71) -> 0.034183673
A12: ABB | B12: REA 101 | C12: =COUNTIFS(d_Marca,$A12,d_Modelo,$B12,d_Sector,C$6,d_Subest,$E$3,d_Tipo,$E$4) -> 0 | D12: =COUNTIFS(d_Marca,$A12,d_Modelo,$B12,d_Sector,D$6,d_Subest,$E$3,d_Tipo,$E$4) -> 0 | E12: =COUNTIFS(d_Marca,$A12,d_Modelo,$B12,d_Sector,E$6,d_Subest,$E$3,d_Tipo,$E$4) -> 0 | F12: =COUNTIFS(d_Marca,$A12,d_Modelo,$B12,d_Sector,F$6,d_Subest,$E$3,d_Tipo,$E$4) -> 0 | G12: =COUNTIFS(d_Marca,$A12,d_Modelo,$B12,d_Sector,G$6,d_Subest,$E$3,d_Tipo,$E$4) -> 0 | H12: =COUNTIFS(d_Marca,$A12,d_Modelo,$B12,d_Sector,H$6,d_Subest,$E$3,d_Tipo,$E$4) -> 22 | I12: =COUNTIFS(d_Marca,$A12,d_Modelo,$B12,d_Sector,I$6,d_Subest,$E$3,d_Tipo,$E$4) -> 0 | J12: =COUNTIFS(d_Marca,$A12,d_Modelo,$B12,d_Sector,J$6,d_Subest,$E$3,d_Tipo,$E$4) -> 37 | K12: =SUM(C12:J12) -> 59 | L12: =IF($K$71=0,0,K12/$K$71) -> 0.030102041
A13: ABB | B13: REM615A_1G | C13: =COUNTIFS(d_Marca,$A13,d_Modelo,$B13,d_Sector,C$6,d_Subest,$E$3,d_Tipo,$E$4) -> 0 | D13: =COUNTIFS(d_Marca,$A13,d_Modelo,$B13,d_Sector,D$6,d_Subest,$E$3,d_Tipo,$E$4) -> 0 | E13: =COUNTIFS(d_Marca,$A13,d_Modelo,$B13,d_Sector,E$6,d_Subest,$E$3,d_Tipo,$E$4) -> 0 | F13: =COUNTIFS(d_Marca,$A13,d_Modelo,$B13,d_Sector,F$6,d_Subest,$E$3,d_Tipo,$E$4) -> 0 | G13: =COUNTIFS(d_Marca,$A13,d_Modelo,$B13,d_Sector,G$6,d_Subest,$E$3,d_Tipo,$E$4) -> 0 | H13: =COUNTIFS(d_Marca,$A13,d_Modelo,$B13,d_Sector,H$6,d_Subest,$E$3,d_Tipo,$E$4) -> 10 | I13: =COUNTIFS(d_Marca,$A13,d_Modelo,$B13,d_Sector,I$6,d_Subest,$E$3,d_Tipo,$E$4) -> 0 | J13: =COUNTIFS(d_Marca,$A13,d_Modelo,$B13,d_Sector,J$6,d_Subest,$E$3,d_Tipo,$E$4) -> 47 | K13: =SUM(C13:J13) -> 57 | L13: =IF($K$71=0,0,K13/$K$71) -> 0.029081633
A14: ABB | B14: 1AFPAKAKNGC5BNN11G | C14: =COUNTIFS(d_Marca,$A14,d_Modelo,$B14,d_Sector,C$6,d_Subest,$E$3,d_Tipo,$E$4) -> 18 | D14: =COUNTIFS(d_Marca,$A14,d_Modelo,$B14,d_Sector,D$6,d_Subest,$E$3,d_Tipo,$E$4) -> 15 | E14: =COUNTIFS(d_Marca,$A14,d_Modelo,$B14,d_Sector,E$6,d_Subest,$E$3,d_Tipo,$E$4) -> 0 | F14: =COUNTIFS(d_Marca,$A14,d_Modelo,$B14,d_Sector,F$6,d_Subest,$E$3,d_Tipo,$E$4) -> 0 | G14: =COUNTIFS(d_Marca,$A14,d_Modelo,$B14,d_Sector,G$6,d_Subest,$E$3,d_Tipo,$E$4) -> 0 | H14: =COUNTIFS(d_Marca,$A14,d_Modelo,$B14,d_Sector,H$6,d_Subest,$E$3,d_Tipo,$E$4) -> 0 | I14: =COUNTIFS(d_Marca,$A14,d_Modelo,$B14,d_Sector,I$6,d_Subest,$E$3,d_Tipo,$E$4) -> 0 | J14: =COUNTIFS(d_Marca,$A14,d_Modelo,$B14,d_Sector,J$6,d_Subest,$E$3,d_Tipo,$E$4) -> 0 | K14: =SUM(C14:J14) -> 33 | L14: =IF($K$71=0,0,K14/$K$71) -> 0.016836735
A15: ABB | B15: RET615A_1G | C15: =COUNTIFS(d_Marca,$A15,d_Modelo,$B15,d_Sector,C$6,d_Subest,$E$3,d_Tipo,$E$4) -> 0 | D15: =COUNTIFS(d_Marca,$A15,d_Modelo,$B15,d_Sector,D$6,d_Subest,$E$3,d_Tipo,$E$4) -> 0 | E15: =COUNTIFS(d_Marca,$A15,d_Modelo,$B15,d_Sector,E$6,d_Subest,$E$3,d_Tipo,$E$4) -> 0 | F15: =COUNTIFS(d_Marca,$A15,d_Modelo,$B15,d_Sector,F$6,d_Subest,$E$3,d_Tipo,$E$4) -> 0 | G15: =COUNTIFS(d_Marca,$A15,d_Modelo,$B15,d_Sector,G$6,d_Subest,$E$3,d_Tipo,$E$4) -> 0 | H15: =COUNTIFS(d_Marca,$A15,d_Modelo,$B15,d_Sector,H$6,d_Subest,$E$3,d_Tipo,$E$4) -> 6 | I15: =COUNTIFS(d_Marca,$A15,d_Modelo,$B15,d_Sector,I$6,d_Subest,$E$3,d_Tipo,$E$4) -> 0 | J15: =COUNTIFS(d_Marca,$A15,d_Modelo,$B15,d_Sector,J$6,d_Subest,$E$3,d_Tipo,$E$4) -> 23 | K15: =SUM(C15:J15) -> 29 | L15: =IF($K$71=0,0,K15/$K$71) -> 0.014795918
A16: ABB | B16: REM | C16: =COUNTIFS(d_Marca,$A16,d_Modelo,$B16,d_Sector,C$6,d_Subest,$E$3,d_Tipo,$E$4) -> 0 | D16: =COUNTIFS(d_Marca,$A16,d_Modelo,$B16,d_Sector,D$6,d_Subest,$E$3,d_Tipo,$E$4) -> 0 | E16: =COUNTIFS(d_Marca,$A16,d_Modelo,$B16,d_Sector,E$6,d_Subest,$E$3,d_Tipo,$E$4) -> 9 | F16: =COUNTIFS(d_Marca,$A16,d_Modelo,$B16,d_Sector,F$6,d_Subest,$E$3,d_Tipo,$E$4) -> 5 | G16: =COUNTIFS(d_Marca,$A16,d_Modelo,$B16,d_Sector,G$6,d_Subest,$E$3,d_Tipo,$E$4) -> 6 | H16: =COUNTIFS(d_Marca,$A16,d_Modelo,$B16,d_Sector,H$6,d_Subest,$E$3,d_Tipo,$E$4) -> 0 | I16: =COUNTIFS(d_Marca,$A16,d_Modelo,$B16,d_Sector,I$6,d_Subest,$E$3,d_Tipo,$E$4) -> 4 | J16: =COUNTIFS(d_Marca,$A16,d_Modelo,$B16,d_Sector,J$6,d_Subest,$E$3,d_Tipo,$E$4) -> 0 | K16: =SUM(C16:J16) -> 24 | L16: =IF($K$71=0,0,K16/$K$71) -> 0.012244898
A17: ABB | B17: REF615_1G | C17: =COUNTIFS(d_Marca,$A17,d_Modelo,$B17,d_Sector,C$6,d_Subest,$E$3,d_Tipo,$E$4) -> 0 | D17: =COUNTIFS(d_Marca,$A17,d_Modelo,$B17,d_Sector,D$6,d_Subest,$E$3,d_Tipo,$E$4) -> 0 | E17: =COUNTIFS(d_Marca,$A17,d_Modelo,$B17,d_Sector,E$6,d_Subest,$E$3,d_Tipo,$E$4) -> 0 | F17: =COUNTIFS(d_Marca,$A17,d_Modelo,$B17,d_Sector,F$6,d_Subest,$E$3,d_Tipo,$E$4) -> 0 | G17: =COUNTIFS(d_Marca,$A17,d_Modelo,$B17,d_Sector,G$6,d_Subest,$E$3,d_Tipo,$E$4) -> 0 | H17: =COUNTIFS(d_Marca,$A17,d_Modelo,$B17,d_Sector,H$6,d_Subest,$E$3,d_Tipo,$E$4) -> 18 | I17: =COUNTIFS(d_Marca,$A17,d_Modelo,$B17,d_Sector,I$6,d_Subest,$E$3,d_Tipo,$E$4) -> 0 | J17: =COUNTIFS(d_Marca,$A17,d_Modelo,$B17,d_Sector,J$6,d_Subest,$E$3,d_Tipo,$E$4) -> 0 | K17: =SUM(C17:J17) -> 18 | L17: =IF($K$71=0,0,K17/$K$71) -> 0.0091836735
A18: ABB | B18: 1ATBBABBNEC5BNN11G | C18: =COUNTIFS(d_Marca,$A18,d_Modelo,$B18,d_Sector,C$6,d_Subest,$E$3,d_Tipo,$E$4) -> 5 | D18: =COUNTIFS(d_Marca,$A18,d_Modelo,$B18,d_Sector,D$6,d_Subest,$E$3,d_Tipo,$E$4) -> 11 | E18: =COUNTIFS(d_Marca,$A18,d_Modelo,$B18,d_Sector,E$6,d_Subest,$E$3,d_Tipo,$E$4) -> 0 | F18: =COUNTIFS(d_Marca,$A18,d_Modelo,$B18,d_Sector,F$6,d_Subest,$E$3,d_Tipo,$E$4) -> 0 | G18: =COUNTIFS(d_Marca,$A18,d_Modelo,$B18,d_Sector,G$6,d_Subest,$E$3,d_Tipo,$E$4) -> 0 | H18: =COUNTIFS(d_Marca,$A18,d_Modelo,$B18,d_Sector,H$6,d_Subest,$E$3,d_Tipo,$E$4) -> 0 | I18: =COUNTIFS(d_Marca,$A18,d_Modelo,$B18,d_Sector,I$6,d_Subest,$E$3,d_Tipo,$E$4) -> 0 | J18: =COUNTIFS(d_Marca,$A18,d_Modelo,$B18,d_Sector,J$6,d_Subest,$E$3,d_Tipo,$E$4) -> 0 | K18: =SUM(C18:J18) -> 16 | L18: =IF($K$71=0,0,K18/$K$71) -> 0.0081632653
A19: ABB | B19: REA | C19: =COUNTIFS(d_Marca,$A19,d_Modelo,$B19,d_Sector,C$6,d_Subest,$E$3,d_Tipo,$E$4) -> 0 | D19: =COUNTIFS(d_Marca,$A19,d_Modelo,$B19,d_Sector,D$6,d_Subest,$E$3,d_Tipo,$E$4) -> 0 | E19: =COUNTIFS(d_Marca,$A19,d_Modelo,$B19,d_Sector,E$6,d_Subest,$E$3,d_Tipo,$E$4) -> 6 | F19: =COUNTIFS(d_Marca,$A19,d_Modelo,$B19,d_Sector,F$6,d_Subest,$E$3,d_Tipo,$E$4) -> 5 | G19: =COUNTIFS(d_Marca,$A19,d_Modelo,$B19,d_Sector,G$6,d_Subest,$E$3,d_Tipo,$E$4) -> 5 | H19: =COUNTIFS(d_Marca,$A19,d_Modelo,$B19,d_Sector,H$6,d_Subest,$E$3,d_Tipo,$E$4) -> 0 | I19: =COUNTIFS(d_Marca,$A19,d_Modelo,$B19,d_Sector,I$6,d_Subest,$E$3,d_Tipo,$E$4) -> 0 | J19: =COUNTIFS(d_Marca,$A19,d_Modelo,$B19,d_Sector,J$6,d_Subest,$E$3,d_Tipo,$E$4) -> 0 | K19: =SUM(C19:J19) -> 16 | L19: =IF($K$71=0,0,K19/$K$71) -> 0.0081632653
... A26: ABB | B26: REM620A_F | C26: =COUNTIFS(d_Marca,$A26,d_Modelo,$B26,d_Sector,C$6,d_Subest,$E$3,d_Tipo,$E$4) -> 0 | D26: =COUNTIFS(d_Marca,$A26,d_Modelo,$B26,d_Sector,D$6,d_Subest,$E$3,d_Tipo,$E$4) -> 0 | E26: =COUNTIFS(d_Marca,$A26,d_Modelo,$B26,d_Sector,E$6,d_Subest,$E$3,d_Tipo,$E$4) -> 0 | F26: =COUNTIFS(d_Marca,$A26,d_Modelo,$B26,d_Sector,F$6,d_Subest,$E$3,d_Tipo,$E$4) -> 0 | G26: =COUNTIFS(d_Marca,$A26,d_Modelo,$B26,d_Sector,G$6,d_Subest,$E$3,d_Tipo,$E$4) -> 0 | H26: =COUNTIFS(d_Marca,$A26,d_Modelo,$B26,d_Sector,H$6,d_Subest,$E$3,d_Tipo,$E$4) -> 0 | I26: =COUNTIFS(d_Marca,$A26,d_Modelo,$B26,d_Sector,I$6,d_Subest,$E$3,d_Tipo,$E$4) -> 0 | J26: =COUNTIFS(d_Marca,$A26,d_Modelo,$B26,d_Sector,J$6,d_Subest,$E$3,d_Tipo,$E$4) -> 5 | K26: =SUM(C26:J26) -> 5 | L26: =IF($K$71=0,0,K26/$K$71) -> 0.0025510204
A27: SEL | B27: Total SEL | C27: =COUNTIFS(d_Marca,$A27,d_Sector,C$6,d_Subest,$E$3,d_Tipo,$E$4) -> 10 | D27: =COUNTIFS(d_Marca,$A27,d_Sector,D$6,d_Subest,$E$3,d_Tipo,$E$4) -> 20 | E27: =COUNTIFS(d_Marca,$A27,d_Sector,E$6,d_Subest,$E$3,d_Tipo,$E$4) -> 26 | F27: =COUNTIFS(d_Marca,$A27,d_Sector,F$6,d_Subest,$E$3,d_Tipo,$E$4) -> 50 | G27: =COUNTIFS(d_Marca,$A27,d_Sector,G$6,d_Subest,$E$3,d_Tipo,$E$4) -> 51 | H27: =COUNTIFS(d_Marca,$A27,d_Sector,H$6,d_Subest,$E$3,d_Tipo,$E$4) -> 51 | I27: =COUNTIFS(d_Marca,$A27,d_Sector,I$6,d_Subest,$E$3,d_Tipo,$E$4) -> 6 | J27: =COUNTIFS(d_Marca,$A27,d_Sector,J$6,d_Subest,$E$3,d_Tipo,$E$4) -> 131 | K27: =SUM(C27:J27) -> 345 | L27: =IF($K$71=0,0,K27/$K$71) -> 0.17602041
A28: SEL | B28: SEL-735 | C28: =COUNTIFS(d_Marca,$A28,d_Modelo,$B28,d_Sector,C$6,d_Subest,$E$3,d_Tipo,$E$4) -> 8 | D28: =COUNTIFS(d_Marca,$A28,d_Modelo,$B28,d_Sector,D$6,d_Subest,$E$3,d_Tipo,$E$4) -> 0 | E28: =COUNTIFS(d_Marca,$A28,d_Modelo,$B28,d_Sector,E$6,d_Subest,$E$3,d_Tipo,$E$4) -> 0 | F28: =COUNTIFS(d_Marca,$A28,d_Modelo,$B28,d_Sector,F$6,d_Subest,$E$3,d_Tipo,$E$4) -> 0 | G28: =COUNTIFS(d_Marca,$A28,d_Modelo,$B28,d_Sector,G$6,d_Subest,$E$3,d_Tipo,$E$4) -> 0 | H28: =COUNTIFS(d_Marca,$A28,d_Modelo,$B28,d_Sector,H$6,d_Subest,$E$3,d_Tipo,$E$4) -> 51 | I28: =COUNTIFS(d_Marca,$A28,d_Modelo,$B28,d_Sector,I$6,d_Subest,$E$3,d_Tipo,$E$4) -> 0 | J28: =COUNTIFS(d_Marca,$A28,d_Modelo,$B28,d_Sector,J$6,d_Subest,$E$3,d_Tipo,$E$4) -> 115 | K28: =SUM(C28:J28) -> 174 | L28: =IF($K$71=0,0,K28/$K$71) -> 0.08877551
A29: SEL | B29: SEL | C29: =COUNTIFS(d_Marca,$A29,d_Modelo,$B29,d_Sector,C$6,d_Subest,$E$3,d_Tipo,$E$4) -> 0 | D29: =COUNTIFS(d_Marca,$A29,d_Modelo,$B29,d_Sector,D$6,d_Subest,$E$3,d_Tipo,$E$4) -> 0 | E29: =COUNTIFS(d_Marca,$A29,d_Modelo,$B29,d_Sector,E$6,d_Subest,$E$3,d_Tipo,$E$4) -> 26 | F29: =COUNTIFS(d_Marca,$A29,d_Modelo,$B29,d_Sector,F$6,d_Subest,$E$3,d_Tipo,$E$4) -> 50 | G29: =COUNTIFS(d_Marca,$A29,d_Modelo,$B29,d_Sector,G$6,d_Subest,$E$3,d_Tipo,$E$4) -> 51 | H29: =COUNTIFS(d_Marca,$A29,d_Modelo,$B29,d_Sector,H$6,d_Subest,$E$3,d_Tipo,$E$4) -> 0 | I29: =COUNTIFS(d_Marca,$A29,d_Modelo,$B29,d_Sector,I$6,d_Subest,$E$3,d_Tipo,$E$4) -> 6 | J29: =COUNTIFS(d_Marca,$A29,d_Modelo,$B29,d_Sector,J$6,d_Subest,$E$3,d_Tipo,$E$4) -> 0 | K29: =SUM(C29:J29) -> 133 | L29: =IF($K$71=0,0,K29/$K$71) -> 0.067857143
A30: SEL | B30: MEDICION | C30: =COUNTIFS(d_Marca,$A30,d_Modelo,$B30,d_Sector,C$6,d_Subest,$E$3,d_Tipo,$E$4) -> 0 | D30: =COUNTIFS(d_Marca,$A30,d_Modelo,$B30,d_Sector,D$6,d_Subest,$E$3,d_Tipo,$E$4) -> 20 | E30: =COUNTIFS(d_Marca,$A30,d_Modelo,$B30,d_Sector,E$6,d_Subest,$E$3,d_Tipo,$E$4) -> 0 | F30: =COUNTIFS(d_Marca,$A30,d_Modelo,$B30,d_Sector,F$6,d_Subest,$E$3,d_Tipo,$E$4) -> 0 | G30: =COUNTIFS(d_Marca,$A30,d_Modelo,$B30,d_Sector,G$6,d_Subest,$E$3,d_Tipo,$E$4) -> 0 | H30: =COUNTIFS(d_Marca,$A30,d_Modelo,$B30,d_Sector,H$6,d_Subest,$E$3,d_Tipo,$E$4) -> 0 | I30: =COUNTIFS(d_Marca,$A30,d_Modelo,$B30,d_Sector,I$6,d_Subest,$E$3,d_Tipo,$E$4) -> 0 | J30: =COUNTIFS(d_Marca,$A30,d_Modelo,$B30,d_Sector,J$6,d_Subest,$E$3,d_Tipo,$E$4) -> 0 | K30: =SUM(C30:J30) -> 20 | L30: =IF($K$71=0,0,K30/$K$71) -> 0.010204082
A31: SEL | B31: SEL-751 | C31: =COUNTIFS(d_Marca,$A31,d_Modelo,$B31,d_Sector,C$6,d_Subest,$E$3,d_Tipo,$E$4) -> 0 | D31: =COUNTIFS(d_Marca,$A31,d_Modelo,$B31,d_Sector,D$6,d_Subest,$E$3,d_Tipo,$E$4) -> 0 | E31: =COUNTIFS(d_Marca,$A31,d_Modelo,$B31,d_Sector,E$6,d_Subest,$E$3,d_Tipo,$E$4) -> 0 | F31: =COUNTIFS(d_Marca,$A31,d_Modelo,$B31,d_Sector,F$6,d_Subest,$E$3,d_Tipo,$E$4) -> 0 | G31: =COUNTIFS(d_Marca,$A31,d_Modelo,$B31,d_Sector,G$6,d_Subest,$E$3,d_Tipo,$E$4) -> 0 | H31: =COUNTIFS(d_Marca,$A31,d_Modelo,$B31,d_Sector,H$6,d_Subest,$E$3,d_Tipo,$E$4) -> 0 | I31: =COUNTIFS(d_Marca,$A31,d_Modelo,$B31,d_Sector,I$6,d_Subest,$E$3,d_Tipo,$E$4) -> 0 | J31: =COUNTIFS(d_Marca,$A31,d_Modelo,$B31,d_Sector,J$6,d_Subest,$E$3,d_Tipo,$E$4) -> 12 | K31: =SUM(C31:J31) -> 12 | L31: =IF($K$71=0,0,K31/$K$71) -> 0.006122449
A32: SEL | B32: SEL-411L | C32: =COUNTIFS(d_Marca,$A32,d_Modelo,$B32,d_Sector,C$6,d_Subest,$E$3,d_Tipo,$E$4) -> 0 | D32: =COUNTIFS(d_Marca,$A32,d_Modelo,$B32,d_Sector,D$6,d_Subest,$E$3,d_Tipo,$E$4) -> 0 | E32: =COUNTIFS(d_Marca,$A32,d_Modelo,$B32,d_Sector,E$6,d_Subest,$E$3,d_Tipo,$E$4) -> 0 | F32: =COUNTIFS(d_Marca,$A32,d_Modelo,$B32,d_Sector,F$6,d_Subest,$E$3,d_Tipo,$E$4) -> 0 | G32: =COUNTIFS(d_Marca,$A32,d_Modelo,$B32,d_Sector,G$6,d_Subest,$E$3,d_Tipo,$E$4) -> 0 | H32: =COUNTIFS(d_Marca,$A32,d_Modelo,$B32,d_Sector,H$6,d_Subest,$E$3,d_Tipo,$E$4) -> 0 | I32: =COUNTIFS(d_Marca,$A32,d_Modelo,$B32,d_Sector,I$6,d_Subest,$E$3,d_Tipo,$E$4) -> 0 | J32: =COUNTIFS(d_Marca,$A32,d_Modelo,$B32,d_Sector,J$6,d_Subest,$E$3,d_Tipo,$E$4) -> 4 | K32: =SUM(C32:J32) -> 4 | L32: =IF($K$71=0,0,K32/$K$71) -> 0.0020408163
A33: SEL | B33: 1AFFAEAGNEC5BNA11G | C33: =COUNTIFS(d_Marca,$A33,d_Modelo,$B33,d_Sector,C$6,d_Subest,$E$3,d_Tipo,$E$4) -> 2 | D33: =COUNTIFS(d_Marca,$A33,d_Modelo,$B33,d_Sector,D$6,d_Subest,$E$3,d_Tipo,$E$4) -> 0 | E33: =COUNTIFS(d_Marca,$A33,d_Modelo,$B33,d_Sector,E$6,d_Subest,$E$3,d_Tipo,$E$4) -> 0 | F33: =COUNTIFS(d_Marca,$A33,d_Modelo,$B33,d_Sector,F$6,d_Subest,$E$3,d_Tipo,$E$4) -> 0 | G33: =COUNTIFS(d_Marca,$A33,d_Modelo,$B33,d_Sector,G$6,d_Subest,$E$3,d_Tipo,$E$4) -> 0 | H33: =COUNTIFS(d_Marca,$A33,d_Modelo,$B33,d_Sector,H$6,d_Subest,$E$3,d_Tipo,$E$4) -> 0 | I33: =COUNTIFS(d_Marca,$A33,d_Modelo,$B33,d_Sector,I$6,d_Subest,$E$3,d_Tipo,$E$4) -> 0 | J33: =COUNTIFS(d_Marca,$A33,d_Modelo,$B33,d_Sector,J$6,d_Subest,$E$3,d_Tipo,$E$4) -> 0 | K33: =SUM(C33:J33) -> 2 | L33: =IF($K$71=0,0,K33/$K$71) -> 0.0010204082
A34: GENERAL ELECTRIC | B34: Total GENERAL ELECTRIC | C34: =COUNTIFS(d_Marca,$A34,d_Sector,C$6,d_Subest,$E$3,d_Tipo,$E$4) -> 0 | D34: =COUNTIFS(d_Marca,$A34,d_Sector,D$6,d_Subest,$E$3,d_Tipo,$E$4) -> 0 | E34: =COUNTIFS(d_Marca,$A34,d_Sector,E$6,d_Subest,$E$3,d_Tipo,$E$4) -> 48 | F34: =COUNTIFS(d_Marca,$A34,d_Sector,F$6,d_Subest,$E$3,d_Tipo,$E$4) -> 132 | G34: =COUNTIFS(d_Marca,$A34,d_Sector,G$6,d_Subest,$E$3,d_Tipo,$E$4) -> 104 | H34: =COUNTIFS(d_Marca,$A34,d_Sector,H$6,d_Subest,$E$3,d_Tipo,$E$4) -> 26 | I34: =COUNTIFS(d_Marca,$A34,d_Sector,I$6,d_Subest,$E$3,d_Tipo,$E$4) -> 2 | J34: =COUNTIFS(d_Marca,$A34,d_Sector,J$6,d_Subest,$E$3,d_Tipo,$E$4) -> 92 | K34: =SUM(C34:J34) -> 404 | L34: =IF($K$71=0,0,K34/$K$71) -> 0.20612245
A35: GENERAL ELECTRIC | B35: MULTILIN | C35: =COUNTIFS(d_Marca,$A35,d_Modelo,$B35,d_Sector,C$6,d_Subest,$E$3,d_Tipo,$E$4) -> 0 | D35: =COUNTIFS(d_Marca,$A35,d_Modelo,$B35,d_Sector,D$6,d_Subest,$E$3,d_Tipo,$E$4) -> 0 | E35: =COUNTIFS(d_Marca,$A35,d_Modelo,$B35,d_Sector,E$6,d_Subest,$E$3,d_Tipo,$E$4) -> 48 | F35: =COUNTIFS(d_Marca,$A35,d_Modelo,$B35,d_Sector,F$6,d_Subest,$E$3,d_Tipo,$E$4) -> 132 | G35: =COUNTIFS(d_Marca,$A35,d_Modelo,$B35,d_Sector,G$6,d_Subest,$E$3,d_Tipo,$E$4) -> 104 | H35: =COUNTIFS(d_Marca,$A35,d_Modelo,$B35,d_Sector,H$6,d_Subest,$E$3,d_Tipo,$E$4) -> 0 | I35: =COUNTIFS(d_Marca,$A35,d_Modelo,$B35,d_Sector,I$6,d_Subest,$E$3,d_Tipo,$E$4) -> 2 | J35: =COUNTIFS(d_Marca,$A35,d_Modelo,$B35,d_Sector,J$6,d_Subest,$E$3,d_Tipo,$E$4) -> 0 | K35: =SUM(C35:J35) -> 286 | L35: =IF($K$71=0,0,K35/$K$71) -> 0.14591837
A36: GENERAL ELECTRIC | B36: MULTILIN 350 | C36: =COUNTIFS(d_Marca,$A36,d_Modelo,$B36,d_Sector,C$6,d_Subest,$E$3,d_Tipo,$E$4) -> 0 | D36: =COUNTIFS(d_Marca,$A36,d_Modelo,$B36,d_Sector,D$6,d_Subest,$E$3,d_Tipo,$E$4) -> 0 | E36: =COUNTIFS(d_Marca,$A36,d_Modelo,$B36,d_Sector,E$6,d_Subest,$E$3,d_Tipo,$E$4) -> 0 | F36: =COUNTIFS(d_Marca,$A36,d_Modelo,$B36,d_Sector,F$6,d_Subest,$E$3,d_Tipo,$E$4) -> 0 | G36: =COUNTIFS(d_Marca,$A36,d_Modelo,$B36,d_Sector,G$6,d_Subest,$E$3,d_Tipo,$E$4) -> 0 | H36: =COUNTIFS(d_Marca,$A36,d_Modelo,$B36,d_Sector,H$6,d_Subest,$E$3,d_Tipo,$E$4) -> 26 | I36: =COUNTIFS(d_Marca,$A36,d_Modelo,$B36,d_Sector,I$6,d_Subest,$E$3,d_Tipo,$E$4) -> 0 | J36: =COUNTIFS(d_Marca,$A36,d_Modelo,$B36,d_Sector,J$6,d_Subest,$E$3,d_Tipo,$E$4) -> 8 | K36: =SUM(C36:J36) -> 34 | L36: =IF($K$71=0,0,K36/$K$71) -> 0.017346939
A37: GENERAL ELECTRIC | B37: MULTILIN T60 | C37: =COUNTIFS(d_Marca,$A37,d_Modelo,$B37,d_Sector,C$6,d_Subest,$E$3,d_Tipo,$E$4) -> 0 | D37: =COUNTIFS(d_Marca,$A37,d_Modelo,$B37,d_Sector,D$6,d_Subest,$E$3,d_Tipo,$E$4) -> 0 | E37: =COUNTIFS(d_Marca,$A37,d_Modelo,$B37,d_Sector,E$6,d_Subest,$E$3,d_Tipo,$E$4) -> 0 | F37: =COUNTIFS(d_Marca,$A37,d_Modelo,$B37,d_Sector,F$6,d_Subest,$E$3,d_Tipo,$E$4) -> 0 | G37: =COUNTIFS(d_Marca,$A37,d_Modelo,$B37,d_Sector,G$6,d_Subest,$E$3,d_Tipo,$E$4) -> 0 | H37: =COUNTIFS(d_Marca,$A37,d_Modelo,$B37,d_Sector,H$6,d_Subest,$E$3,d_Tipo,$E$4) -> 0 | I37: =COUNTIFS(d_Marca,$A37,d_Modelo,$B37,d_Sector,I$6,d_Subest,$E$3,d_Tipo,$E$4) -> 0 | J37: =COUNTIFS(d_Marca,$A37,d_Modelo,$B37,d_Sector,J$6,d_Subest,$E$3,d_Tipo,$E$4) -> 22 | K37: =SUM(C37:J37) -> 22 | L37: =IF($K$71=0,0,K37/$K$71) -> 0.01122449
A38: GENERAL ELECTRIC | B38: MULTILIN C30 | C38: =COUNTIFS(d_Marca,$A38,d_Modelo,$B38,d_Sector,C$6,d_Subest,$E$3,d_Tipo,$E$4) -> 0 | D38: =COUNTIFS(d_Marca,$A38,d_Modelo,$B38,d_Sector,D$6,d_Subest,$E$3,d_Tipo,$E$4) -> 0 | E38: =COUNTIFS(d_Marca,$A38,d_Modelo,$B38,d_Sector,E$6,d_Subest,$E$3,d_Tipo,$E$4) -> 0 | F38: =COUNTIFS(d_Marca,$A38,d_Modelo,$B38,d_Sector,F$6,d_Subest,$E$3,d_Tipo,$E$4) -> 0 | G38: =COUNTIFS(d_Marca,$A38,d_Modelo,$B38,d_Sector,G$6,d_Subest,$E$3,d_Tipo,$E$4) -> 0 | H38: =COUNTIFS(d_Marca,$A38,d_Modelo,$B38,d_Sector,H$6,d_Subest,$E$3,d_Tipo,$E$4) -> 0 | I38: =COUNTIFS(d_Marca,$A38,d_Modelo,$B38,d_Sector,I$6,d_Subest,$E$3,d_Tipo,$E$4) -> 0 | J38: =COUNTIFS(d_Marca,$A38,d_Modelo,$B38,d_Sector,J$6,d_Subest,$E$3,d_Tipo,$E$4) -> 21 | K38: =SUM(C38:J38) -> 21 | L38: =IF($K$71=0,0,K38/$K$71) -> 0.010714286
A39: GENERAL ELECTRIC | B39: MULTILIN F60 | C39: =COUNTIFS(d_Marca,$A39,d_Modelo,$B39,d_Sector,C$6,d_Subest,$E$3,d_Tipo,$E$4) -> 0 | D39: =COUNTIFS(d_Marca,$A39,d_Modelo,$B39,d_Sector,D$6,d_Subest,$E$3,d_Tipo,$E$4) -> 0 | E39: =COUNTIFS(d_Marca,$A39,d_Modelo,$B39,d_Sector,E$6,d_Subest,$E$3,d_Tipo,$E$4) -> 0 | F39: =COUNTIFS(d_Marca,$A39,d_Modelo,$B39,d_Sector,F$6,d_Subest,$E$3,d_Tipo,$E$4) -> 0 | G39: =COUNTIFS(d_Marca,$A39,d_Modelo,$B39,d_Sector,G$6,d_Subest,$E$3,d_Tipo,$E$4) -> 0 | H39: =COUNTIFS(d_Marca,$A39,d_Modelo,$B39,d_Sector,H$6,d_Subest,$E$3,d_Tipo,$E$4) -> 0 | I39: =COUNTIFS(d_Marca,$A39,d_Modelo,$B39,d_Sector,I$6,d_Subest,$E$3,d_Tipo,$E$4) -> 0 | J39: =COUNTIFS(d_Marca,$A39,d_Modelo,$B39,d_Sector,J$6,d_Subest,$E$3,d_Tipo,$E$4) -> 14 | K39: =SUM(C39:J39) -> 14 | L39: =IF($K$71=0,0,K39/$K$71) -> 0.0071428571
A40: GENERAL ELECTRIC | B40: MULTILIN B90 | C40: =COUNTIFS(d_Marca,$A40,d_Modelo,$B40,d_Sector,C$6,d_Subest,$E$3,d_Tipo,$E$4) -> 0 | D40: =COUNTIFS(d_Marca,$A40,d_Modelo,$B40,d_Sector,D$6,d_Subest,$E$3,d_Tipo,$E$4) -> 0 | E40: =COUNTIFS(d_Marca,$A40,d_Modelo,$B40,d_Sector,E$6,d_Subest,$E$3,d_Tipo,$E$4) -> 0 | F40: =COUNTIFS(d_Marca,$A40,d_Modelo,$B40,d_Sector,F$6,d_Subest,$E$3,d_Tipo,$E$4) -> 0 | G40: =COUNTIFS(d_Marca,$A40,d_Modelo,$B40,d_Sector,G$6,d_Subest,$E$3,d_Tipo,$E$4) -> 0 | H40: =COUNTIFS(d_Marca,$A40,d_Modelo,$B40,d_Sector,H$6,d_Subest,$E$3,d_Tipo,$E$4) -> 0 | I40: =COUNTIFS(d_Marca,$A40,d_Modelo,$B40,d_Sector,I$6,d_Subest,$E$3,d_Tipo,$E$4) -> 0 | J40: =COUNTIFS(d_Marca,$A40,d_Modelo,$B40,d_Sector,J$6,d_Subest,$E$3,d_Tipo,$E$4) -> 10 | K40: =SUM(C40:J40) -> 10 | L40: =IF($K$71=0,0,K40/$K$71) -> 0.0051020408
A41: GENERAL ELECTRIC | B41: MULTILIN G60 | C41: =COUNTIFS(d_Marca,$A41,d_Modelo,$B41,d_Sector,C$6,d_Subest,$E$3,d_Tipo,$E$4) -> 0 | D41: =COUNTIFS(d_Marca,$A41,d_Modelo,$B41,d_Sector,D$6,d_Subest,$E$3,d_Tipo,$E$4) -> 0 | E41: =COUNTIFS(d_Marca,$A41,d_Modelo,$B41,d_Sector,E$6,d_Subest,$E$3,d_Tipo,$E$4) -> 0 | F41: =COUNTIFS(d_Marca,$A41,d_Modelo,$B41,d_Sector,F$6,d_Subest,$E$3,d_Tipo,$E$4) -> 0 | G41: =COUNTIFS(d_Marca,$A41,d_Modelo,$B41,d_Sector,G$6,d_Subest,$E$3,d_Tipo,$E$4) -> 0 | H41: =COUNTIFS(d_Marca,$A41,d_Modelo,$B41,d_Sector,H$6,d_Subest,$E$3,d_Tipo,$E$4) -> 0 | I41: =COUNTIFS(d_Marca,$A41,d_Modelo,$B41,d_Sector,I$6,d_Subest,$E$3,d_Tipo,$E$4) -> 0 | J41: =COUNTIFS(d_Marca,$A41,d_Modelo,$B41,d_Sector,J$6,d_Subest,$E$3,d_Tipo,$E$4) -> 8 | K41: =SUM(C41:J41) -> 8 | L41: =IF($K$71=0,0,K41/$K$71) -> 0.0040816327
A42: GENERAL ELECTRIC | B42: MULTILIN L90 | C42: =COUNTIFS(d_Marca,$A42,d_Modelo,$B42,d_Sector,C$6,d_Subest,$E$3,d_Tipo,$E$4) -> 0 | D42: =COUNTIFS(d_Marca,$A42,d_Modelo,$B42,d_Sector,D$6,d_Subest,$E$3,d_Tipo,$E$4) -> 0 | E42: =COUNTIFS(d_Marca,$A42,d_Modelo,$B42,d_Sector,E$6,d_Subest,$E$3,d_Tipo,$E$4) -> 0 | F42: =COUNTIFS(d_Marca,$A42,d_Modelo,$B42,d_Sector,F$6,d_Subest,$E$3,d_Tipo,$E$4) -> 0 | G42: =COUNTIFS(d_Marca,$A42,d_Modelo,$B42,d_Sector,G$6,d_Subest,$E$3,d_Tipo,$E$4) -> 0 | H42: =COUNTIFS(d_Marca,$A42,d_Modelo,$B42,d_Sector,H$6,d_Subest,$E$3,d_Tipo,$E$4) -> 0 | I42: =COUNTIFS(d_Marca,$A42,d_Modelo,$B42,d_Sector,I$6,d_Subest,$E$3,d_Tipo,$E$4) -> 0 | J42: =COUNTIFS(d_Marca,$A42,d_Modelo,$B42,d_Sector,J$6,d_Subest,$E$3,d_Tipo,$E$4) -> 4 | K42: =SUM(C42:J42) -> 4 | L42: =IF($K$71=0,0,K42/$K$71) -> 0.0020408163
A43: GENERAL ELECTRIC | B43: MULTILIN T35 | C43: =COUNTIFS(d_Marca,$A43,d_Modelo,$B43,d_Sector,C$6,d_Subest,$E$3,d_Tipo,$E$4) -> 0 | D43: =COUNTIFS(d_Marca,$A43,d_Modelo,$B43,d_Sector,D$6,d_Subest,$E$3,d_Tipo,$E$4) -> 0 | E43: =COUNTIFS(d_Marca,$A43,d_Modelo,$B43,d_Sector,E$6,d_Subest,$E$3,d_Tipo,$E$4) -> 0 | F43: =COUNTIFS(d_Marca,$A43,d_Modelo,$B43,d_Sector,F$6,d_Subest,$E$3,d_Tipo,$E$4) -> 0 | G43: =COUNTIFS(d_Marca,$A43,d_Modelo,$B43,d_Sector,G$6,d_Subest,$E$3,d_Tipo,$E$4) -> 0 | H43: =COUNTIFS(d_Marca,$A43,d_Modelo,$B43,d_Sector,H$6,d_Subest,$E$3,d_Tipo,$E$4) -> 0 | I43: =COUNTIFS(d_Marca,$A43,d_Modelo,$B43,d_Sector,I$6,d_Subest,$E$3,d_Tipo,$E$4) -> 0 | J43: =COUNTIFS(d_Marca,$A43,d_Modelo,$B43,d_Sector,J$6,d_Subest,$E$3,d_Tipo,$E$4) -> 4 | K43: =SUM(C43:J43) -> 4 | L43: =IF($K$71=0,0,K43/$K$71) -> 0.0020408163
A44: GENERAL ELECTRIC | B44: MULTILIN 845 | C44: =COUNTIFS(d_Marca,$A44,d_Modelo,$B44,d_Sector,C$6,d_Subest,$E$3,d_Tipo,$E$4) -> 0 | D44: =COUNTIFS(d_Marca,$A44,d_Modelo,$B44,d_Sector,D$6,d_Subest,$E$3,d_Tipo,$E$4) -> 0 | E44: =COUNTIFS(d_Marca,$A44,d_Modelo,$B44,d_Sector,E$6,d_Subest,$E$3,d_Tipo,$E$4) -> 0 | F44: =COUNTIFS(d_Marca,$A44,d_Modelo,$B44,d_Sector,F$6,d_Subest,$E$3,d_Tipo,$E$4) -> 0 | G44: =COUNTIFS(d_Marca,$A44,d_Modelo,$B44,d_Sector,G$6,d_Subest,$E$3,d_Tipo,$E$4) -> 0 | H44: =COUNTIFS(d_Marca,$A44,d_Modelo,$B44,d_Sector,H$6,d_Subest,$E$3,d_Tipo,$E$4) -> 0 | I44: =COUNTIFS(d_Marca,$A44,d_Modelo,$B44,d_Sector,I$6,d_Subest,$E$3,d_Tipo,$E$4) -> 0 | J44: =COUNTIFS(d_Marca,$A44,d_Modelo,$B44,d_Sector,J$6,d_Subest,$E$3,d_Tipo,$E$4) -> 1 | K44: =SUM(C44:J44) -> 1 | L44: =IF($K$71=0,0,K44/$K$71) -> 0.00051020408
A45: SIEMENS | B45: Total SIEMENS | C45: =COUNTIFS(d_Marca,$A45,d_Sector,C$6,d_Subest,$E$3,d_Tipo,$E$4) -> 0 | D45: =COUNTIFS(d_Marca,$A45,d_Sector,D$6,d_Subest,$E$3,d_Tipo,$E$4) -> 0 | E45: =COUNTIFS(d_Marca,$A45,d_Sector,E$6,d_Subest,$E$3,d_Tipo,$E$4) -> 2 | F45: =COUNTIFS(d_Marca,$A45,d_Sector,F$6,d_Subest,$E$3,d_Tipo,$E$4) -> 6 | G45: =COUNTIFS(d_Marca,$A45,d_Sector,G$6,d_Subest,$E$3,d_Tipo,$E$4) -> 6 | H45: =COUNTIFS(d_Marca,$A45,d_Sector,H$6,d_Subest,$E$3,d_Tipo,$E$4) -> 0 | I45: =COUNTIFS(d_Marca,$A45,d_Sector,I$6,d_Subest,$E$3,d_Tipo,$E$4) -> 159 | J45: =COUNTIFS(d_Marca,$A45,d_Sector,J$6,d_Subest,$E$3,d_Tipo,$E$4) -> 109 | K45: =SUM(C45:J45) -> 282 | L45: =IF($K$71=0,0,K45/$K$71) -> 0.14387755
A46: SIEMENS | B46: REYROLLE | C46: =COUNTIFS(d_Marca,$A46,d_Modelo,$B46,d_Sector,C$6,d_Subest,$E$3,d_Tipo,$E$4) -> 0 | D46: =COUNTIFS(d_Marca,$A46,d_Modelo,$B46,d_Sector,D$6,d_Subest,$E$3,d_Tipo,$E$4) -> 0 | E46: =COUNTIFS(d_Marca,$A46,d_Modelo,$B46,d_Sector,E$6,d_Subest,$E$3,d_Tipo,$E$4) -> 0 | F46: =COUNTIFS(d_Marca,$A46,d_Modelo,$B46,d_Sector,F$6,d_Subest,$E$3,d_Tipo,$E$4) -> 6 | G46: =COUNTIFS(d_Marca,$A46,d_Modelo,$B46,d_Sector,G$6,d_Subest,$E$3,d_Tipo,$E$4) -> 0 | H46: =COUNTIFS(d_Marca,$A46,d_Modelo,$B46,d_Sector,H$6,d_Subest,$E$3,d_Tipo,$E$4) -> 0 | I46: =COUNTIFS(d_Marca,$A46,d_Modelo,$B46,d_Sector,I$6,d_Subest,$E$3,d_Tipo,$E$4) -> 129 | J46: =COUNTIFS(d_Marca,$A46,d_Modelo,$B46,d_Sector,J$6,d_Subest,$E$3,d_Tipo,$E$4) -> 0 | K46: =SUM(C46:J46) -> 135 | L46: =IF($K$71=0,0,K46/$K$71) -> 0.068877551
A47: SIEMENS | B47: 7SR5111 | C47: =COUNTIFS(d_Marca,$A47,d_Modelo,$B47,d_Sector,C$6,d_Subest,$E$3,d_Tipo,$E$4) -> 0 | D47: =COUNTIFS(d_Marca,$A47,d_Modelo,$B47,d_Sector,D$6,d_Subest,$E$3,d_Tipo,$E$4) -> 0 | E47: =COUNTIFS(d_Marca,$A47,d_Modelo,$B47,d_Sector,E$6,d_Subest,$E$3,d_Tipo,$E$4) -> 0 | F47: =COUNTIFS(d_Marca,$A47,d_Modelo,$B47,d_Sector,F$6,d_Subest,$E$3,d_Tipo,$E$4) -> 0 | G47: =COUNTIFS(d_Marca,$A47,d_Modelo,$B47,d_Sector,G$6,d_Subest,$E$3,d_Tipo,$E$4) -> 0 | H47: =COUNTIFS(d_Marca,$A47,d_Modelo,$B47,d_Sector,H$6,d_Subest,$E$3,d_Tipo,$E$4) -> 0 | I47: =COUNTIFS(d_Marca,$A47,d_Modelo,$B47,d_Sector,I$6,d_Subest,$E$3,d_Tipo,$E$4) -> 0 | J47: =COUNTIFS(d_Marca,$A47,d_Modelo,$B47,d_Sector,J$6,d_Subest,$E$3,d_Tipo,$E$4) -> 45 | K47: =SUM(C47:J47) -> 45 | L47: =IF($K$71=0,0,K47/$K$71) -> 0.022959184
A48: SIEMENS | B48: 7SR5711 | C48: =COUNTIFS(d_Marca,$A48,d_Modelo,$B48,d_Sector,C$6,d_Subest,$E$3,d_Tipo,$E$4) -> 0 | D48: =COUNTIFS(d_Marca,$A48,d_Modelo,$B48,d_Sector,D$6,d_Subest,$E$3,d_Tipo,$E$4) -> 0 | E48: =COUNTIFS(d_Marca,$A48,d_Modelo,$B48,d_Sector,E$6,d_Subest,$E$3,d_Tipo,$E$4) -> 0 | F48: =COUNTIFS(d_Marca,$A48,d_Modelo,$B48,d_Sector,F$6,d_Subest,$E$3,d_Tipo,$E$4) -> 0 | G48: =COUNTIFS(d_Marca,$A48,d_Modelo,$B48,d_Sector,G$6,d_Subest,$E$3,d_Tipo,$E$4) -> 0 | H48: =COUNTIFS(d_Marca,$A48,d_Modelo,$B48,d_Sector,H$6,d_Subest,$E$3,d_Tipo,$E$4) -> 0 | I48: =COUNTIFS(d_Marca,$A48,d_Modelo,$B48,d_Sector,I$6,d_Subest,$E$3,d_Tipo,$E$4) -> 0 | J48: =COUNTIFS(d_Marca,$A48,d_Modelo,$B48,d_Sector,J$6,d_Subest,$E$3,d_Tipo,$E$4) -> 45 | K48: =SUM(C48:J48) -> 45 | L48: =IF($K$71=0,0,K48/$K$71) -> 0.022959184
A49: SIEMENS | B49: SENTRON | C49: =COUNTIFS(d_Marca,$A49,d_Modelo,$B49,d_Sector,C$6,d_Subest,$E$3,d_Tipo,$E$4) -> 0 | D49: =COUNTIFS(d_Marca,$A49,d_Modelo,$B49,d_Sector,D$6,d_Subest,$E$3,d_Tipo,$E$4) -> 0 | E49: =COUNTIFS(d_Marca,$A49,d_Modelo,$B49,d_Sector,E$6,d_Subest,$E$3,d_Tipo,$E$4) -> 0 | F49: =COUNTIFS(d_Marca,$A49,d_Modelo,$B49,d_Sector,F$6,d_Subest,$E$3,d_Tipo,$E$4) -> 0 | G49: =COUNTIFS(d_Marca,$A49,d_Modelo,$B49,d_Sector,G$6,d_Subest,$E$3,d_Tipo,$E$4) -> 0 | H49: =COUNTIFS(d_Marca,$A49,d_Modelo,$B49,d_Sector,H$6,d_Subest,$E$3,d_Tipo,$E$4) -> 0 | I49: =COUNTIFS(d_Marca,$A49,d_Modelo,$B49,d_Sector,I$6,d_Subest,$E$3,d_Tipo,$E$4) -> 30 | J49: =COUNTIFS(d_Marca,$A49,d_Modelo,$B49,d_Sector,J$6,d_Subest,$E$3,d_Tipo,$E$4) -> 0 | K49: =SUM(C49:J49) -> 30 | L49: =IF($K$71=0,0,K49/$K$71) -> 0.015306122
A50: SIEMENS | B50: 7SR5421 | C50: =COUNTIFS(d_Marca,$A50,d_Modelo,$B50,d_Sector,C$6,d_Subest,$E$3,d_Tipo,$E$4) -> 0 | D50: =COUNTIFS(d_Marca,$A50,d_Modelo,$B50,d_Sector,D$6,d_Subest,$E$3,d_Tipo,$E$4) -> 0 | E50: =COUNTIFS(d_Marca,$A50,d_Modelo,$B50,d_Sector,E$6,d_Subest,$E$3,d_Tipo,$E$4) -> 0 | F50: =COUNTIFS(d_Marca,$A50,d_Modelo,$B50,d_Sector,F$6,d_Subest,$E$3,d_Tipo,$E$4) -> 0 | G50: =COUNTIFS(d_Marca,$A50,d_Modelo,$B50,d_Sector,G$6,d_Subest,$E$3,d_Tipo,$E$4) -> 0 | H50: =COUNTIFS(d_Marca,$A50,d_Modelo,$B50,d_Sector,H$6,d_Subest,$E$3,d_Tipo,$E$4) -> 0 | I50: =COUNTIFS(d_Marca,$A50,d_Modelo,$B50,d_Sector,I$6,d_Subest,$E$3,d_Tipo,$E$4) -> 0 | J50: =COUNTIFS(d_Marca,$A50,d_Modelo,$B50,d_Sector,J$6,d_Subest,$E$3,d_Tipo,$E$4) -> 8 | K50: =SUM(C50:J50) -> 8 | L50: =IF($K$71=0,0,K50/$K$71) -> 0.0040816327
A51: SIEMENS | B51: 7SR5420 | C51: =COUNTIFS(d_Marca,$A51,d_Modelo,$B51,d_Sector,C$6,d_Subest,$E$3,d_Tipo,$E$4) -> 0 | D51: =COUNTIFS(d_Marca,$A51,d_Modelo,$B51,d_Sector,D$6,d_Subest,$E$3,d_Tipo,$E$4) -> 0 | E51: =COUNTIFS(d_Marca,$A51,d_Modelo,$B51,d_Sector,E$6,d_Subest,$E$3,d_Tipo,$E$4) -> 0 | F51: =COUNTIFS(d_Marca,$A51,d_Modelo,$B51,d_Sector,F$6,d_Subest,$E$3,d_Tipo,$E$4) -> 0 | G51: =COUNTIFS(d_Marca,$A51,d_Modelo,$B51,d_Sector,G$6,d_Subest,$E$3,d_Tipo,$E$4) -> 0 | H51: =COUNTIFS(d_Marca,$A51,d_Modelo,$B51,d_Sector,H$6,d_Subest,$E$3,d_Tipo,$E$4) -> 0 | I51: =COUNTIFS(d_Marca,$A51,d_Modelo,$B51,d_Sector,I$6,d_Subest,$E$3,d_Tipo,$E$4) -> 0 | J51: =COUNTIFS(d_Marca,$A51,d_Modelo,$B51,d_Sector,J$6,d_Subest,$E$3,d_Tipo,$E$4) -> 6 | K51: =SUM(C51:J51) -> 6 | L51: =IF($K$71=0,0,K51/$K$71) -> 0.0030612245
A52: SIEMENS | B52: ARGUS | C52: =COUNTIFS(d_Marca,$A52,d_Modelo,$B52,d_Sector,C$6,d_Subest,$E$3,d_Tipo,$E$4) -> 0 | D52: =COUNTIFS(d_Marca,$A52,d_Modelo,$B52,d_Sector,D$6,d_Subest,$E$3,d_Tipo,$E$4) -> 0 | E52: =COUNTIFS(d_Marca,$A52,d_Modelo,$B52,d_Sector,E$6,d_Subest,$E$3,d_Tipo,$E$4) -> 0 | F52: =COUNTIFS(d_Marca,$A52,d_Modelo,$B52,d_Sector,F$6,d_Subest,$E$3,d_Tipo,$E$4) -> 0 | G52: =COUNTIFS(d_Marca,$A52,d_Modelo,$B52,d_Sector,G$6,d_Subest,$E$3,d_Tipo,$E$4) -> 6 | H52: =COUNTIFS(d_Marca,$A52,d_Modelo,$B52,d_Sector,H$6,d_Subest,$E$3,d_Tipo,$E$4) -> 0 | I52: =COUNTIFS(d_Marca,$A52,d_Modelo,$B52,d_Sector,I$6,d_Subest,$E$3,d_Tipo,$E$4) -> 0 | J52: =COUNTIFS(d_Marca,$A52,d_Modelo,$B52,d_Sector,J$6,d_Subest,$E$3,d_Tipo,$E$4) -> 0 | K52: =SUM(C52:J52) -> 6 | L52: =IF($K$71=0,0,K52/$K$71) -> 0.0030612245
A53: SIEMENS | B53: SIEMENS | C53: =COUNTIFS(d_Marca,$A53,d_Modelo,$B53,d_Sector,C$6,d_Subest,$E$3,d_Tipo,$E$4) -> 0 | D53: =COUNTIFS(d_Marca,$A53,d_Modelo,$B53,d_Sector,D$6,d_Subest,$E$3,d_Tipo,$E$4) -> 0 | E53: =COUNTIFS(d_Marca,$A53,d_Modelo,$B53,d_Sector,E$6,d_Subest,$E$3,d_Tipo,$E$4) -> 2 | F53: =COUNTIFS(d_Marca,$A53,d_Modelo,$B53,d_Sector,F$6,d_Subest,$E$3,d_Tipo,$E$4) -> 0 | G53: =COUNTIFS(d_Marca,$A53,d_Modelo,$B53,d_Sector,G$6,d_Subest,$E$3,d_Tipo,$E$4) -> 0 | H53: =COUNTIFS(d_Marca,$A53,d_Modelo,$B53,d_Sector,H$6,d_Subest,$E$3,d_Tipo,$E$4) -> 0 | I53: =COUNTIFS(d_Marca,$A53,d_Modelo,$B53,d_Sector,I$6,d_Subest,$E$3,d_Tipo,$E$4) -> 0 | J53: =COUNTIFS(d_Marca,$A53,d_Modelo,$B53,d_Sector,J$6,d_Subest,$E$3,d_Tipo,$E$4) -> 0 | K53: =SUM(C53:J53) -> 2 | L53: =IF($K$71=0,0,K53/$K$71) -> 0.0010204082
A54: SIEMENS | B54: SIPROTEC 7SS85 | C54: =COUNTIFS(d_Marca,$A54,d_Modelo,$B54,d_Sector,C$6,d_Subest,$E$3,d_Tipo,$E$4) -> 0 | D54: =COUNTIFS(d_Marca,$A54,d_Modelo,$B54,d_Sector,D$6,d_Subest,$E$3,d_Tipo,$E$4) -> 0 | E54: =COUNTIFS(d_Marca,$A54,d_Modelo,$B54,d_Sector,E$6,d_Subest,$E$3,d_Tipo,$E$4) -> 0 | F54: =COUNTIFS(d_Marca,$A54,d_Modelo,$B54,d_Sector,F$6,d_Subest,$E$3,d_Tipo,$E$4) -> 0 | G54: =COUNTIFS(d_Marca,$A54,d_Modelo,$B54,d_Sector,G$6,d_Subest,$E$3,d_Tipo,$E$4) -> 0 | H54: =COUNTIFS(d_Marca,$A54,d_Modelo,$B54,d_Sector,H$6,d_Subest,$E$3,d_Tipo,$E$4) -> 0 | I54: =COUNTIFS(d_Marca,$A54,d_Modelo,$B54,d_Sector,I$6,d_Subest,$E$3,d_Tipo,$E$4) -> 0 | J54: =COUNTIFS(d_Marca,$A54,d_Modelo,$B54,d_Sector,J$6,d_Subest,$E$3,d_Tipo,$E$4) -> 2 | K54: =SUM(C54:J54) -> 2 | L54: =IF($K$71=0,0,K54/$K$71) -> 0.0010204082
A55: SIEMENS | B55: SEPAM | C55: =COUNTIFS(d_Marca,$A55,d_Modelo,$B55,d_Sector,C$6,d_Subest,$E$3,d_Tipo,$E$4) -> 0 | D55: =COUNTIFS(d_Marca,$A55,d_Modelo,$B55,d_Sector,D$6,d_Subest,$E$3,d_Tipo,$E$4) -> 0 | E55: =COUNTIFS(d_Marca,$A55,d_Modelo,$B55,d_Sector,E$6,d_Subest,$E$3,d_Tipo,$E$4) -> 0 | F55: =COUNTIFS(d_Marca,$A55,d_Modelo,$B55,d_Sector,F$6,d_Subest,$E$3,d_Tipo,$E$4) -> 0 | G55: =COUNTIFS(d_Marca,$A55,d_Modelo,$B55,d_Sector,G$6,d_Subest,$E$3,d_Tipo,$E$4) -> 0 | H55: =COUNTIFS(d_Marca,$A55,d_Modelo,$B55,d_Sector,H$6,d_Subest,$E$3,d_Tipo,$E$4) -> 0 | I55: =COUNTIFS(d_Marca,$A55,d_Modelo,$B55,d_Sector,I$6,d_Subest,$E$3,d_Tipo,$E$4) -> 0 | J55: =COUNTIFS(d_Marca,$A55,d_Modelo,$B55,d_Sector,J$6,d_Subest,$E$3,d_Tipo,$E$4) -> 1 | K55: =SUM(C55:J55) -> 1 | L55: =IF($K$71=0,0,K55/$K$71) -> 0.00051020408
A56: SIEMENS | B56: SIPROTEC 7SJ85 | C56: =COUNTIFS(d_Marca,$A56,d_Modelo,$B56,d_Sector,C$6,d_Subest,$E$3,d_Tipo,$E$4) -> 0 | D56: =COUNTIFS(d_Marca,$A56,d_Modelo,$B56,d_Sector,D$6,d_Subest,$E$3,d_Tipo,$E$4) -> 0 | E56: =COUNTIFS(d_Marca,$A56,d_Modelo,$B56,d_Sector,E$6,d_Subest,$E$3,d_Tipo,$E$4) -> 0 | F56: =COUNTIFS(d_Marca,$A56,d_Modelo,$B56,d_Sector,F$6,d_Subest,$E$3,d_Tipo,$E$4) -> 0 | G56: =COUNTIFS(d_Marca,$A56,d_Modelo,$B56,d_Sector,G$6,d_Subest,$E$3,d_Tipo,$E$4) -> 0 | H56: =COUNTIFS(d_Marca,$A56,d_Modelo,$B56,d_Sector,H$6,d_Subest,$E$3,d_Tipo,$E$4) -> 0 | I56: =COUNTIFS(d_Marca,$A56,d_Modelo,$B56,d_Sector,I$6,d_Subest,$E$3,d_Tipo,$E$4) -> 0 | J56: =COUNTIFS(d_Marca,$A56,d_Modelo,$B56,d_Sector,J$6,d_Subest,$E$3,d_Tipo,$E$4) -> 1 | K56: =SUM(C56:J56) -> 1 | L56: =IF($K$71=0,0,K56/$K$71) -> 0.00051020408
A57: SIEMENS | B57: SIPROTEC 7VU68 | C57: =COUNTIFS(d_Marca,$A57,d_Modelo,$B57,d_Sector,C$6,d_Subest,$E$3,d_Tipo,$E$4) -> 0 | D57: =COUNTIFS(d_Marca,$A57,d_Modelo,$B57,d_Sector,D$6,d_Subest,$E$3,d_Tipo,$E$4) -> 0 | E57: =COUNTIFS(d_Marca,$A57,d_Modelo,$B57,d_Sector,E$6,d_Subest,$E$3,d_Tipo,$E$4) -> 0 | F57: =COUNTIFS(d_Marca,$A57,d_Modelo,$B57,d_Sector,F$6,d_Subest,$E$3,d_Tipo,$E$4) -> 0 | G57: =COUNTIFS(d_Marca,$A57,d_Modelo,$B57,d_Sector,G$6,d_Subest,$E$3,d_Tipo,$E$4) -> 0 | H57: =COUNTIFS(d_Marca,$A57,d_Modelo,$B57,d_Sector,H$6,d_Subest,$E$3,d_Tipo,$E$4) -> 0 | I57: =COUNTIFS(d_Marca,$A57,d_Modelo,$B57,d_Sector,I$6,d_Subest,$E$3,d_Tipo,$E$4) -> 0 | J57: =COUNTIFS(d_Marca,$A57,d_Modelo,$B57,d_Sector,J$6,d_Subest,$E$3,d_Tipo,$E$4) -> 1 | K57: =SUM(C57:J57) -> 1 | L57: =IF($K$71=0,0,K57/$K$71) -> 0.00051020408
A58: SCHNEIDER ELECTRIC | B58: Total SCHNEIDER ELECTRIC | C58: =COUNTIFS(d_Marca,$A58,d_Sector,C$6,d_Subest,$E$3,d_Tipo,$E$4) -> 0 | D58: =COUNTIFS(d_Marca,$A58,d_Sector,D$6,d_Subest,$E$3,d_Tipo,$E$4) -> 0 | E58: =COUNTIFS(d_Marca,$A58,d_Sector,E$6,d_Subest,$E$3,d_Tipo,$E$4) -> 0 | F58: =COUNTIFS(d_Marca,$A58,d_Sector,F$6,d_Subest,$E$3,d_Tipo,$E$4) -> 0 | G58: =COUNTIFS(d_Marca,$A58,d_Sector,G$6,d_Subest,$E$3,d_Tipo,$E$4) -> 0 | H58: =COUNTIFS(d_Marca,$A58,d_Sector,H$6,d_Subest,$E$3,d_Tipo,$E$4) -> 0 | I58: =COUNTIFS(d_Marca,$A58,d_Sector,I$6,d_Subest,$E$3,d_Tipo,$E$4) -> 2 | J58: =COUNTIFS(d_Marca,$A58,d_Sector,J$6,d_Subest,$E$3,d_Tipo,$E$4) -> 38 | K58: =SUM(C58:J58) -> 40 | L58: =IF($K$71=0,0,K58/$K$71) -> 0.020408163
A59: SCHNEIDER ELECTRIC | B59: P5F30 | C59: =COUNTIFS(d_Marca,$A59,d_Modelo,$B59,d_Sector,C$6,d_Subest,$E$3,d_Tipo,$E$4) -> 0 | D59: =COUNTIFS(d_Marca,$A59,d_Modelo,$B59,d_Sector,D$6,d_Subest,$E$3,d_Tipo,$E$4) -> 0 | E59: =COUNTIFS(d_Marca,$A59,d_Modelo,$B59,d_Sector,E$6,d_Subest,$E$3,d_Tipo,$E$4) -> 0 | F59: =COUNTIFS(d_Marca,$A59,d_Modelo,$B59,d_Sector,F$6,d_Subest,$E$3,d_Tipo,$E$4) -> 0 | G59: =COUNTIFS(d_Marca,$A59,d_Modelo,$B59,d_Sector,G$6,d_Subest,$E$3,d_Tipo,$E$4) -> 0 | H59: =COUNTIFS(d_Marca,$A59,d_Modelo,$B59,d_Sector,H$6,d_Subest,$E$3,d_Tipo,$E$4) -> 0 | I59: =COUNTIFS(d_Marca,$A59,d_Modelo,$B59,d_Sector,I$6,d_Subest,$E$3,d_Tipo,$E$4) -> 0 | J59: =COUNTIFS(d_Marca,$A59,d_Modelo,$B59,d_Sector,J$6,d_Subest,$E$3,d_Tipo,$E$4) -> 38 | K59: =SUM(C59:J59) -> 38 | L59: =IF($K$71=0,0,K59/$K$71) -> 0.019387755
A60: SCHNEIDER ELECTRIC | B60: POWERLOGIC | C60: =COUNTIFS(d_Marca,$A60,d_Modelo,$B60,d_Sector,C$6,d_Subest,$E$3,d_Tipo,$E$4) -> 0 | D60: =COUNTIFS(d_Marca,$A60,d_Modelo,$B60,d_Sector,D$6,d_Subest,$E$3,d_Tipo,$E$4) -> 0 | E60: =COUNTIFS(d_Marca,$A60,d_Modelo,$B60,d_Sector,E$6,d_Subest,$E$3,d_Tipo,$E$4) -> 0 | F60: =COUNTIFS(d_Marca,$A60,d_Modelo,$B60,d_Sector,F$6,d_Subest,$E$3,d_Tipo,$E$4) -> 0 | G60: =COUNTIFS(d_Marca,$A60,d_Modelo,$B60,d_Sector,G$6,d_Subest,$E$3,d_Tipo,$E$4) -> 0 | H60: =COUNTIFS(d_Marca,$A60,d_Modelo,$B60,d_Sector,H$6,d_Subest,$E$3,d_Tipo,$E$4) -> 0 | I60: =COUNTIFS(d_Marca,$A60,d_Modelo,$B60,d_Sector,I$6,d_Subest,$E$3,d_Tipo,$E$4) -> 2 | J60: =COUNTIFS(d_Marca,$A60,d_Modelo,$B60,d_Sector,J$6,d_Subest,$E$3,d_Tipo,$E$4) -> 0 | K60: =SUM(C60:J60) -> 2 | L60: =IF($K$71=0,0,K60/$K$71) -> 0.0010204082
A61: ALLEN-BRADLEY | B61: Total ALLEN-BRADLEY | C61: =COUNTIFS(d_Marca,$A61,d_Sector,C$6,d_Subest,$E$3,d_Tipo,$E$4) -> 8 | D61: =COUNTIFS(d_Marca,$A61,d_Sector,D$6,d_Subest,$E$3,d_Tipo,$E$4) -> 0 | E61: =COUNTIFS(d_Marca,$A61,d_Sector,E$6,d_Subest,$E$3,d_Tipo,$E$4) -> 0 | F61: =COUNTIFS(d_Marca,$A61,d_Sector,F$6,d_Subest,$E$3,d_Tipo,$E$4) -> 0 | G61: =COUNTIFS(d_Marca,$A61,d_Sector,G$6,d_Subest,$E$3,d_Tipo,$E$4) -> 0 | H61: =COUNTIFS(d_Marca,$A61,d_Sector,H$6,d_Subest,$E$3,d_Tipo,$E$4) -> 0 | I61: =COUNTIFS(d_Marca,$A61,d_Sector,I$6,d_Subest,$E$3,d_Tipo,$E$4) -> 0 | J61: =COUNTIFS(d_Marca,$A61,d_Sector,J$6,d_Subest,$E$3,d_Tipo,$E$4) -> 0 | K61: =SUM(C61:J61) -> 8 | L61: =IF($K$71=0,0,K61/$K$71) -> 0.0040816327
A62: ALLEN-BRADLEY | B62: 857 | C62: =COUNTIFS(d_Marca,$A62,d_Modelo,$B62,d_Sector,C$6,d_Subest,$E$3,d_Tipo,$E$4) -> 8 | D62: =COUNTIFS(d_Marca,$A62,d_Modelo,$B62,d_Sector,D$6,d_Subest,$E$3,d_Tipo,$E$4) -> 0 | E62: =COUNTIFS(d_Marca,$A62,d_Modelo,$B62,d_Sector,E$6,d_Subest,$E$3,d_Tipo,$E$4) -> 0 | F62: =COUNTIFS(d_Marca,$A62,d_Modelo,$B62,d_Sector,F$6,d_Subest,$E$3,d_Tipo,$E$4) -> 0 | G62: =COUNTIFS(d_Marca,$A62,d_Modelo,$B62,d_Sector,G$6,d_Subest,$E$3,d_Tipo,$E$4) -> 0 | H62: =COUNTIFS(d_Marca,$A62,d_Modelo,$B62,d_Sector,H$6,d_Subest,$E$3,d_Tipo,$E$4) -> 0 | I62: =COUNTIFS(d_Marca,$A62,d_Modelo,$B62,d_Sector,I$6,d_Subest,$E$3,d_Tipo,$E$4) -> 0 | J62: =COUNTIFS(d_Marca,$A62,d_Modelo,$B62,d_Sector,J$6,d_Subest,$E$3,d_Tipo,$E$4) -> 0 | K62: =SUM(C62:J62) -> 8 | L62: =IF($K$71=0,0,K62/$K$71) -> 0.0040816327
A63: BASLER ELECTRIC | B63: Total BASLER ELECTRIC | C63: =COUNTIFS(d_Marca,$A63,d_Sector,C$6,d_Subest,$E$3,d_Tipo,$E$4) -> 0 | D63: =COUNTIFS(d_Marca,$A63,d_Sector,D$6,d_Subest,$E$3,d_Tipo,$E$4) -> 0 | E63: =COUNTIFS(d_Marca,$A63,d_Sector,E$6,d_Subest,$E$3,d_Tipo,$E$4) -> 0 | F63: =COUNTIFS(d_Marca,$A63,d_Sector,F$6,d_Subest,$E$3,d_Tipo,$E$4) -> 0 | G63: =COUNTIFS(d_Marca,$A63,d_Sector,G$6,d_Subest,$E$3,d_Tipo,$E$4) -> 0 | H63: =COUNTIFS(d_Marca,$A63,d_Sector,H$6,d_Subest,$E$3,d_Tipo,$E$4) -> 0 | I63: =COUNTIFS(d_Marca,$A63,d_Sector,I$6,d_Subest,$E$3,d_Tipo,$E$4) -> 6 | J63: =COUNTIFS(d_Marca,$A63,d_Sector,J$6,d_Subest,$E$3,d_Tipo,$E$4) -> 0 | K63: =SUM(C63:J63) -> 6 | L63: =IF($K$71=0,0,K63/$K$71) -> 0.0030612245
A64: BASLER ELECTRIC | B64: BE1 | C64: =COUNTIFS(d_Marca,$A64,d_Modelo,$B64,d_Sector,C$6,d_Subest,$E$3,d_Tipo,$E$4) -> 0 | D64: =COUNTIFS(d_Marca,$A64,d_Modelo,$B64,d_Sector,D$6,d_Subest,$E$3,d_Tipo,$E$4) -> 0 | E64: =COUNTIFS(d_Marca,$A64,d_Modelo,$B64,d_Sector,E$6,d_Subest,$E$3,d_Tipo,$E$4) -> 0 | F64: =COUNTIFS(d_Marca,$A64,d_Modelo,$B64,d_Sector,F$6,d_Subest,$E$3,d_Tipo,$E$4) -> 0 | G64: =COUNTIFS(d_Marca,$A64,d_Modelo,$B64,d_Sector,G$6,d_Subest,$E$3,d_Tipo,$E$4) -> 0 | H64: =COUNTIFS(d_Marca,$A64,d_Modelo,$B64,d_Sector,H$6,d_Subest,$E$3,d_Tipo,$E$4) -> 0 | I64: =COUNTIFS(d_Marca,$A64,d_Modelo,$B64,d_Sector,I$6,d_Subest,$E$3,d_Tipo,$E$4) -> 6 | J64: =COUNTIFS(d_Marca,$A64,d_Modelo,$B64,d_Sector,J$6,d_Subest,$E$3,d_Tipo,$E$4) -> 0 | K64: =SUM(C64:J64) -> 6 | L64: =IF($K$71=0,0,K64/$K$71) -> 0.0030612245
A65: EIG | B65: Total EIG | C65: =COUNTIFS(d_Marca,$A65,d_Sector,C$6,d_Subest,$E$3,d_Tipo,$E$4) -> 0 | D65: =COUNTIFS(d_Marca,$A65,d_Sector,D$6,d_Subest,$E$3,d_Tipo,$E$4) -> 0 | E65: =COUNTIFS(d_Marca,$A65,d_Sector,E$6,d_Subest,$E$3,d_Tipo,$E$4) -> 0 | F65: =COUNTIFS(d_Marca,$A65,d_Sector,F$6,d_Subest,$E$3,d_Tipo,$E$4) -> 0 | G65: =COUNTIFS(d_Marca,$A65,d_Sector,G$6,d_Subest,$E$3,d_Tipo,$E$4) -> 0 | H65: =COUNTIFS(d_Marca,$A65,d_Sector,H$6,d_Subest,$E$3,d_Tipo,$E$4) -> 0 | I65: =COUNTIFS(d_Marca,$A65,d_Sector,I$6,d_Subest,$E$3,d_Tipo,$E$4) -> 2 | J65: =COUNTIFS(d_Marca,$A65,d_Sector,J$6,d_Subest,$E$3,d_Tipo,$E$4) -> 0 | K65: =SUM(C65:J65) -> 2 | L65: =IF($K$71=0,0,K65/$K$71) -> 0.0010204082
A66: EIG | B66: SHARK | C66: =COUNTIFS(d_Marca,$A66,d_Modelo,$B66,d_Sector,C$6,d_Subest,$E$3,d_Tipo,$E$4) -> 0 | D66: =COUNTIFS(d_Marca,$A66,d_Modelo,$B66,d_Sector,D$6,d_Subest,$E$3,d_Tipo,$E$4) -> 0 | E66: =COUNTIFS(d_Marca,$A66,d_Modelo,$B66,d_Sector,E$6,d_Subest,$E$3,d_Tipo,$E$4) -> 0 | F66: =COUNTIFS(d_Marca,$A66,d_Modelo,$B66,d_Sector,F$6,d_Subest,$E$3,d_Tipo,$E$4) -> 0 | G66: =COUNTIFS(d_Marca,$A66,d_Modelo,$B66,d_Sector,G$6,d_Subest,$E$3,d_Tipo,$E$4) -> 0 | H66: =COUNTIFS(d_Marca,$A66,d_Modelo,$B66,d_Sector,H$6,d_Subest,$E$3,d_Tipo,$E$4) -> 0 | I66: =COUNTIFS(d_Marca,$A66,d_Modelo,$B66,d_Sector,I$6,d_Subest,$E$3,d_Tipo,$E$4) -> 2 | J66: =COUNTIFS(d_Marca,$A66,d_Modelo,$B66,d_Sector,J$6,d_Subest,$E$3,d_Tipo,$E$4) -> 0 | K66: =SUM(C66:J66) -> 2 | L66: =IF($K$71=0,0,K66/$K$71) -> 0.0010204082
A67: GAUGETECH | B67: Total GAUGETECH | C67: =COUNTIFS(d_Marca,$A67,d_Sector,C$6,d_Subest,$E$3,d_Tipo,$E$4) -> 0 | D67: =COUNTIFS(d_Marca,$A67,d_Sector,D$6,d_Subest,$E$3,d_Tipo,$E$4) -> 0 | E67: =COUNTIFS(d_Marca,$A67,d_Sector,E$6,d_Subest,$E$3,d_Tipo,$E$4) -> 0 | F67: =COUNTIFS(d_Marca,$A67,d_Sector,F$6,d_Subest,$E$3,d_Tipo,$E$4) -> 0 | G67: =COUNTIFS(d_Marca,$A67,d_Sector,G$6,d_Subest,$E$3,d_Tipo,$E$4) -> 6 | H67: =COUNTIFS(d_Marca,$A67,d_Sector,H$6,d_Subest,$E$3,d_Tipo,$E$4) -> 0 | I67: =COUNTIFS(d_Marca,$A67,d_Sector,I$6,d_Subest,$E$3,d_Tipo,$E$4) -> 0 | J67: =COUNTIFS(d_Marca,$A67,d_Sector,J$6,d_Subest,$E$3,d_Tipo,$E$4) -> 0 | K67: =SUM(C67:J67) -> 6 | L67: =IF($K$71=0,0,K67/$K$71) -> 0.0030612245
A68: GAUGETECH | B68: SHARK | C68: =COUNTIFS(d_Marca,$A68,d_Modelo,$B68,d_Sector,C$6,d_Subest,$E$3,d_Tipo,$E$4) -> 0 | D68: =COUNTIFS(d_Marca,$A68,d_Modelo,$B68,d_Sector,D$6,d_Subest,$E$3,d_Tipo,$E$4) -> 0 | E68: =COUNTIFS(d_Marca,$A68,d_Modelo,$B68,d_Sector,E$6,d_Subest,$E$3,d_Tipo,$E$4) -> 0 | F68: =COUNTIFS(d_Marca,$A68,d_Modelo,$B68,d_Sector,F$6,d_Subest,$E$3,d_Tipo,$E$4) -> 0 | G68: =COUNTIFS(d_Marca,$A68,d_Modelo,$B68,d_Sector,G$6,d_Subest,$E$3,d_Tipo,$E$4) -> 6 | H68: =COUNTIFS(d_Marca,$A68,d_Modelo,$B68,d_Sector,H$6,d_Subest,$E$3,d_Tipo,$E$4) -> 0 | I68: =COUNTIFS(d_Marca,$A68,d_Modelo,$B68,d_Sector,I$6,d_Subest,$E$3,d_Tipo,$E$4) -> 0 | J68: =COUNTIFS(d_Marca,$A68,d_Modelo,$B68,d_Sector,J$6,d_Subest,$E$3,d_Tipo,$E$4) -> 0 | K68: =SUM(C68:J68) -> 6 | L68: =IF($K$71=0,0,K68/$K$71) -> 0.0030612245
A69: SIN DATO | B69: Total SIN DATO | C69: =COUNTIFS(d_Marca,$A69,d_Sector,C$6,d_Subest,$E$3,d_Tipo,$E$4) -> 0 | D69: =COUNTIFS(d_Marca,$A69,d_Sector,D$6,d_Subest,$E$3,d_Tipo,$E$4) -> 0 | E69: =COUNTIFS(d_Marca,$A69,d_Sector,E$6,d_Subest,$E$3,d_Tipo,$E$4) -> 0 | F69: =COUNTIFS(d_Marca,$A69,d_Sector,F$6,d_Subest,$E$3,d_Tipo,$E$4) -> 0 | G69: =COUNTIFS(d_Marca,$A69,d_Sector,G$6,d_Subest,$E$3,d_Tipo,$E$4) -> 0 | H69: =COUNTIFS(d_Marca,$A69,d_Sector,H$6,d_Subest,$E$3,d_Tipo,$E$4) -> 27 | I69: =COUNTIFS(d_Marca,$A69,d_Sector,I$6,d_Subest,$E$3,d_Tipo,$E$4) -> 0 | J69: =COUNTIFS(d_Marca,$A69,d_Sector,J$6,d_Subest,$E$3,d_Tipo,$E$4) -> 24 | K69: =SUM(C69:J69) -> 51 | L69: =IF($K$71=0,0,K69/$K$71) -> 0.026020408
A70: SIN DATO | B70: SIN DATO | C70: =COUNTIFS(d_Marca,$A70,d_Modelo,$B70,d_Sector,C$6,d_Subest,$E$3,d_Tipo,$E$4) -> 0 | D70: =COUNTIFS(d_Marca,$A70,d_Modelo,$B70,d_Sector,D$6,d_Subest,$E$3,d_Tipo,$E$4) -> 0 | E70: =COUNTIFS(d_Marca,$A70,d_Modelo,$B70,d_Sector,E$6,d_Subest,$E$3,d_Tipo,$E$4) -> 0 | F70: =COUNTIFS(d_Marca,$A70,d_Modelo,$B70,d_Sector,F$6,d_Subest,$E$3,d_Tipo,$E$4) -> 0 | G70: =COUNTIFS(d_Marca,$A70,d_Modelo,$B70,d_Sector,G$6,d_Subest,$E$3,d_Tipo,$E$4) -> 0 | H70: =COUNTIFS(d_Marca,$A70,d_Modelo,$B70,d_Sector,H$6,d_Subest,$E$3,d_Tipo,$E$4) -> 27 | I70: =COUNTIFS(d_Marca,$A70,d_Modelo,$B70,d_Sector,I$6,d_Subest,$E$3,d_Tipo,$E$4) -> 0 | J70: =COUNTIFS(d_Marca,$A70,d_Modelo,$B70,d_Sector,J$6,d_Subest,$E$3,d_Tipo,$E$4) -> 24 | K70: =SUM(C70:J70) -> 51 | L70: =IF($K$71=0,0,K70/$K$71) -> 0.026020408
A71: TOTAL GENERAL | C71: =C7+C27+C34+C45+C58+C61+C63+C65+C67+C69 -> 232 | D71: =D7+D27+D34+D45+D58+D61+D63+D65+D67+D69 -> 143 | E71: =E7+E27+E34+E45+E58+E61+E63+E65+E67+E69 -> 124 | F71: =F7+F27+F34+F45+F58+F61+F63+F65+F67+F69 -> 211 | G71: =G7+G27+G34+G45+G58+G61+G63+G65+G67+G69 -> 203 | H71: =H7+H27+H34+H45+H58+H61+H63+H65+H67+H69 -> 236 | I71: =I7+I27+I34+I45+I58+I61+I63+I65+I67+I69 -> 185 | J71: =J7+J27+J34+J45+J58+J61+J63+J65+J67+J69 -> 626 | K71: =K7+K27+K34+K45+K58+K61+K63+K65+K67+K69 -> 1960 | L71: =IF($K$71=0,0,K71/$K$71) -> 1

Sheet Pivot_Subestacion
A1: TABLA DINÁMICA · RELEVADORES POR SUBESTACIÓN Y MARCA
A2: Subestaciones eléctricas (ubicaciones técnicas "SEL") ordenadas por sector. Los relevadores en áreas de proceso se agrupan en la última fila.
A3: Sector (filtro) | B3: (Todos) | D3: criterio: | E3: =IF($B$3="(Todos)","*",$B$3) -> *
A5: Sector | B5: Subestación | C5: Planta / descripción | D5: ABB | E5: SEL | F5: GENERAL ELECTRIC | G5: SIEMENS | H5: SCHNEIDER ELECTRIC | I5: ALLEN-BRADLEY | J5: BASLER ELECTRIC | K5: EIG | L5: GAUGETECH | M5: SIN DATO | N5: Total | O5: % del total
A6: Sector 1 | B6: SE-12 | C6: U-DE DESTILACIÓN COMBINADA (UDC2) TREN 2 | D6: =COUNTIFS(d_Subest,$B6,d_Marca,D$5,d_Sector,$E$3) -> 61 | E6: =COUNTIFS(d_Subest,$B6,d_Marca,E$5,d_Sector,$E$3) -> 7 | F6: =COUNTIFS(d_Subest,$B6,d_Marca,F$5,d_Sector,$E$3) -> 0 | G6: =COUNTIFS(d_Subest,$B6,d_Marca,G$5,d_Sector,$E$3) -> 0 | H6: =COUNTIFS(d_Subest,$B6,d_Marca,H$5,d_Sector,$E$3) -> 0 | I6: =COUNTIFS(d_Subest,$B6,d_Marca,I$5,d_Sector,$E$3) -> 0 | J6: =COUNTIFS(d_Subest,$B6,d_Marca,J$5,d_Sector,$E$3) -> 0 | K6: =COUNTIFS(d_Subest,$B6,d_Marca,K$5,d_Sector,$E$3) -> 0 | ... M6: =COUNTIFS(d_Subest,$B6,d_Marca,M$5,d_Sector,$E$3) -> 0 | N6: =SUM(D6:M6) -> 68 | O6: =IF($N$47=0,0,N6/$N$47) -> 0.034693878
A7: Sector 1 | B7: SE-12-1 | C7: U-DE DESTILACIÓN COMBINADA (UDC1) TREN 1 | D7: =COUNTIFS(d_Subest,$B7,d_Marca,D$5,d_Sector,$E$3) -> 50 | E7: =COUNTIFS(d_Subest,$B7,d_Marca,E$5,d_Sector,$E$3) -> 3 | F7: =COUNTIFS(d_Subest,$B7,d_Marca,F$5,d_Sector,$E$3) -> 0 | G7: =COUNTIFS(d_Subest,$B7,d_Marca,G$5,d_Sector,$E$3) -> 0 | H7: =COUNTIFS(d_Subest,$B7,d_Marca,H$5,d_Sector,$E$3) -> 0 | I7: =COUNTIFS(d_Subest,$B7,d_Marca,I$5,d_Sector,$E$3) -> 0 | J7: =COUNTIFS(d_Subest,$B7,d_Marca,J$5,d_Sector,$E$3) -> 0 | K7: =COUNTIFS(d_Subest,$B7,d_Marca,K$5,d_Sector,$E$3) -> 0 | ... M7: =COUNTIFS(d_Subest,$B7,d_Marca,M$5,d_Sector,$E$3) -> 0 | N7: =SUM(D7:M7) -> 53 | O7: =IF($N$47=0,0,N7/$N$47) -> 0.027040816
A8: Sector 2 | B8: SE-15 | C8: U-DE COQUIZACIÓN RETARDADA | D8: =COUNTIFS(d_Subest,$B8,d_Marca,D$5,d_Sector,$E$3) -> 42 | E8: =COUNTIFS(d_Subest,$B8,d_Marca,E$5,d_Sector,$E$3) -> 4 | F8: =COUNTIFS(d_Subest,$B8,d_Marca,F$5,d_Sector,$E$3) -> 0 | G8: =COUNTIFS(d_Subest,$B8,d_Marca,G$5,d_Sector,$E$3) -> 0 | H8: =COUNTIFS(d_Subest,$B8,d_Marca,H$5,d_Sector,$E$3) -> 0 | I8: =COUNTIFS(d_Subest,$B8,d_Marca,I$5,d_Sector,$E$3) -> 0 | J8: =COUNTIFS(d_Subest,$B8,d_Marca,J$5,d_Sector,$E$3) -> 0 | K8: =COUNTIFS(d_Subest,$B8,d_Marca,K$5,d_Sector,$E$3) -> 0 | ... M8: =COUNTIFS(d_Subest,$B8,d_Marca,M$5,d_Sector,$E$3) -> 0 | N8: =SUM(D8:M8) -> 46 | O8: =IF($N$47=0,0,N8/$N$47) -> 0.023469388
A9: Sector 2 | B9: SE-15-1 | C9: U-DE COQUIZACIÓN RETARDADA | D9: =COUNTIFS(d_Subest,$B9,d_Marca,D$5,d_Sector,$E$3) -> 26 | E9: =COUNTIFS(d_Subest,$B9,d_Marca,E$5,d_Sector,$E$3) -> 12 | F9: =COUNTIFS(d_Subest,$B9,d_Marca,F$5,d_Sector,$E$3) -> 0 | G9: =COUNTIFS(d_Subest,$B9,d_Marca,G$5,d_Sector,$E$3) -> 0 | H9: =COUNTIFS(d_Subest,$B9,d_Marca,H$5,d_Sector,$E$3) -> 0 | I9: =COUNTIFS(d_Subest,$B9,d_Marca,I$5,d_Sector,$E$3) -> 0 | J9: =COUNTIFS(d_Subest,$B9,d_Marca,J$5,d_Sector,$E$3) -> 0 | K9: =COUNTIFS(d_Subest,$B9,d_Marca,K$5,d_Sector,$E$3) -> 0 | ... M9: =COUNTIFS(d_Subest,$B9,d_Marca,M$5,d_Sector,$E$3) -> 0 | N9: =SUM(D9:M9) -> 38 | O9: =IF($N$47=0,0,N9/$N$47) -> 0.019387755
A10: Sector 3 | B10: SE-07 | C10: PLANTA DESINTEGRACIÓN CATALÍTICA (FCC1) | D10: =COUNTIFS(d_Subest,$B10,d_Marca,D$5,d_Sector,$E$3) -> 0 | E10: =COUNTIFS(d_Subest,$B10,d_Marca,E$5,d_Sector,$E$3) -> 16 | F10: =COUNTIFS(d_Subest,$B10,d_Marca,F$5,d_Sector,$E$3) -> 27 | G10: =COUNTIFS(d_Subest,$B10,d_Marca,G$5,d_Sector,$E$3) -> 2 | H10: =COUNTIFS(d_Subest,$B10,d_Marca,H$5,d_Sector,$E$3) -> 0 | I10: =COUNTIFS(d_Subest,$B10,d_Marca,I$5,d_Sector,$E$3) -> 0 | J10: =COUNTIFS(d_Subest,$B10,d_Marca,J$5,d_Sector,$E$3) -> 0 | K10: =COUNTIFS(d_Subest,$B10,d_Marca,K$5,d_Sector,$E$3) -> 0 | ... M10: =COUNTIFS(d_Subest,$B10,d_Marca,M$5,d_Sector,$E$3) -> 0 | N10: =SUM(D10:M10) -> 45 | O10: =IF($N$47=0,0,N10/$N$47) -> 0.022959184
A11: Sector 3 | B11: SE-14 | C11: U-DE ALQUILACIÓN (ALKY1) | D11: =COUNTIFS(d_Subest,$B11,d_Marca,D$5,d_Sector,$E$3) -> 39 | E11: =COUNTIFS(d_Subest,$B11,d_Marca,E$5,d_Sector,$E$3) -> 10 | F11: =COUNTIFS(d_Subest,$B11,d_Marca,F$5,d_Sector,$E$3) -> 0 | G11: =COUNTIFS(d_Subest,$B11,d_Marca,G$5,d_Sector,$E$3) -> 0 | H11: =COUNTIFS(d_Subest,$B11,d_Marca,H$5,d_Sector,$E$3) -> 0 | I11: =COUNTIFS(d_Subest,$B11,d_Marca,I$5,d_Sector,$E$3) -> 0 | J11: =COUNTIFS(d_Subest,$B11,d_Marca,J$5,d_Sector,$E$3) -> 0 | K11: =COUNTIFS(d_Subest,$B11,d_Marca,K$5,d_Sector,$E$3) -> 0 | ... M11: =COUNTIFS(d_Subest,$B11,d_Marca,M$5,d_Sector,$E$3) -> 0 | N11: =SUM(D11:M11) -> 49 | O11: =IF($N$47=0,0,N11/$N$47) -> 0.025
A12: Sector 4 | B12: SE-23 | C12: U-GENERADORA DE HIDRÓGENO (PH21) TREN 1 | D12: =COUNTIFS(d_Subest,$B12,d_Marca,D$5,d_Sector,$E$3) -> 18 | E12: =COUNTIFS(d_Subest,$B12,d_Marca,E$5,d_Sector,$E$3) -> 14 | F12: =COUNTIFS(d_Subest,$B12,d_Marca,F$5,d_Sector,$E$3) -> 0 | G12: =COUNTIFS(d_Subest,$B12,d_Marca,G$5,d_Sector,$E$3) -> 0 | H12: =COUNTIFS(d_Subest,$B12,d_Marca,H$5,d_Sector,$E$3) -> 0 | I12: =COUNTIFS(d_Subest,$B12,d_Marca,I$5,d_Sector,$E$3) -> 0 | J12: =COUNTIFS(d_Subest,$B12,d_Marca,J$5,d_Sector,$E$3) -> 0 | K12: =COUNTIFS(d_Subest,$B12,d_Marca,K$5,d_Sector,$E$3) -> 0 | ... M12: =COUNTIFS(d_Subest,$B12,d_Marca,M$5,d_Sector,$E$3) -> 0 | N12: =SUM(D12:M12) -> 32 | O12: =IF($N$47=0,0,N12/$N$47) -> 0.016326531
A13: Sector 4 | B13: SE-24 | C13: U-HIDROTRAT DE GASÓLEOS (HDTGO) NÚM. 1 | D13: =COUNTIFS(d_Subest,$B13,d_Marca,D$5,d_Sector,$E$3) -> 0 | E13: =COUNTIFS(d_Subest,$B13,d_Marca,E$5,d_Sector,$E$3) -> 12 | F13: =COUNTIFS(d_Subest,$B13,d_Marca,F$5,d_Sector,$E$3) -> 24 | G13: =COUNTIFS(d_Subest,$B13,d_Marca,G$5,d_Sector,$E$3) -> 2 | H13: =COUNTIFS(d_Subest,$B13,d_Marca,H$5,d_Sector,$E$3) -> 0 | I13: =COUNTIFS(d_Subest,$B13,d_Marca,I$5,d_Sector,$E$3) -> 0 | J13: =COUNTIFS(d_Subest,$B13,d_Marca,J$5,d_Sector,$E$3) -> 0 | K13: =COUNTIFS(d_Subest,$B13,d_Marca,K$5,d_Sector,$E$3) -> 0 | ... M13: =COUNTIFS(d_Subest,$B13,d_Marca,M$5,d_Sector,$E$3) -> 0 | N13: =SUM(D13:M13) -> 38 | O13: =IF($N$47=0,0,N13/$N$47) -> 0.019387755
A14: Sector 4 | B14: SE-26 | C14: U-HIDROTRAT DESTILADOS INTER (HDDI1) T-1 | D14: =COUNTIFS(d_Subest,$B14,d_Marca,D$5,d_Sector,$E$3) -> 0 | E14: =COUNTIFS(d_Subest,$B14,d_Marca,E$5,d_Sector,$E$3) -> 12 | F14: =COUNTIFS(d_Subest,$B14,d_Marca,F$5,d_Sector,$E$3) -> 20 | G14: =COUNTIFS(d_Subest,$B14,d_Marca,G$5,d_Sector,$E$3) -> 2 | H14: =COUNTIFS(d_Subest,$B14,d_Marca,H$5,d_Sector,$E$3) -> 0 | I14: =COUNTIFS(d_Subest,$B14,d_Marca,I$5,d_Sector,$E$3) -> 0 | J14: =COUNTIFS(d_Subest,$B14,d_Marca,J$5,d_Sector,$E$3) -> 0 | K14: =COUNTIFS(d_Subest,$B14,d_Marca,K$5,d_Sector,$E$3) -> 0 | ... M14: =COUNTIFS(d_Subest,$B14,d_Marca,M$5,d_Sector,$E$3) -> 0 | N14: =SUM(D14:M14) -> 34 | O14: =IF($N$47=0,0,N14/$N$47) -> 0.017346939
A15: Sector 4 | B15: SE-27 | C15: U-HIDROTRAT DESTILADOS INTER (HDDI2) T-2 | D15: =COUNTIFS(d_Subest,$B15,d_Marca,D$5,d_Sector,$E$3) -> 0 | E15: =COUNTIFS(d_Subest,$B15,d_Marca,E$5,d_Sector,$E$3) -> 12 | F15: =COUNTIFS(d_Subest,$B15,d_Marca,F$5,d_Sector,$E$3) -> 20 | G15: =COUNTIFS(d_Subest,$B15,d_Marca,G$5,d_Sector,$E$3) -> 2 | H15: =COUNTIFS(d_Subest,$B15,d_Marca,H$5,d_Sector,$E$3) -> 0 | I15: =COUNTIFS(d_Subest,$B15,d_Marca,I$5,d_Sector,$E$3) -> 0 | J15: =COUNTIFS(d_Subest,$B15,d_Marca,J$5,d_Sector,$E$3) -> 0 | K15: =COUNTIFS(d_Subest,$B15,d_Marca,K$5,d_Sector,$E$3) -> 0 | ... M15: =COUNTIFS(d_Subest,$B15,d_Marca,M$5,d_Sector,$E$3) -> 0 | N15: =SUM(D15:M15) -> 34 | O15: =IF($N$47=0,0,N15/$N$47) -> 0.017346939
A16: Sector 5 | B16: SE-03 | C16: U-HIDROTRAT DE NAFTAS (HDN1) TREN 1 | D16: =COUNTIFS(d_Subest,$B16,d_Marca,D$5,d_Sector,$E$3) -> 0 | E16: =COUNTIFS(d_Subest,$B16,d_Marca,E$5,d_Sector,$E$3) -> 12 | F16: =COUNTIFS(d_Subest,$B16,d_Marca,F$5,d_Sector,$E$3) -> 20 | G16: =COUNTIFS(d_Subest,$B16,d_Marca,G$5,d_Sector,$E$3) -> 2 | H16: =COUNTIFS(d_Subest,$B16,d_Marca,H$5,d_Sector,$E$3) -> 0 | I16: =COUNTIFS(d_Subest,$B16,d_Marca,I$5,d_Sector,$E$3) -> 0 | J16: =COUNTIFS(d_Subest,$B16,d_Marca,J$5,d_Sector,$E$3) -> 0 | K16: =COUNTIFS(d_Subest,$B16,d_Marca,K$5,d_Sector,$E$3) -> 0 | ... M16: =COUNTIFS(d_Subest,$B16,d_Marca,M$5,d_Sector,$E$3) -> 0 | N16: =SUM(D16:M16) -> 34 | O16: =IF($N$47=0,0,N16/$N$47) -> 0.017346939
A17: Sector 5 | B17: SE-04 | C17: U-HIDROTRAT DE NAFTAS (HDN2) TREN 2 | D17: =COUNTIFS(d_Subest,$B17,d_Marca,D$5,d_Sector,$E$3) -> 0 | E17: =COUNTIFS(d_Subest,$B17,d_Marca,E$5,d_Sector,$E$3) -> 12 | F17: =COUNTIFS(d_Subest,$B17,d_Marca,F$5,d_Sector,$E$3) -> 20 | G17: =COUNTIFS(d_Subest,$B17,d_Marca,G$5,d_Sector,$E$3) -> 2 | H17: =COUNTIFS(d_Subest,$B17,d_Marca,H$5,d_Sector,$E$3) -> 0 | I17: =COUNTIFS(d_Subest,$B17,d_Marca,I$5,d_Sector,$E$3) -> 0 | J17: =COUNTIFS(d_Subest,$B17,d_Marca,J$5,d_Sector,$E$3) -> 0 | K17: =COUNTIFS(d_Subest,$B17,d_Marca,K$5,d_Sector,$E$3) -> 0 | ... M17: =COUNTIFS(d_Subest,$B17,d_Marca,M$5,d_Sector,$E$3) -> 0 | N17: =SUM(D17:M17) -> 34 | O17: =IF($N$47=0,0,N17/$N$47) -> 0.017346939
... A46: — | B46: ÁREA DE PROCESO | C46: Relevadores en áreas de proceso (sin subestación asignada) | D46: =COUNTIFS(d_Subest,$B46,d_Marca,D$5,d_Sector,$E$3) -> 255 | E46: =COUNTIFS(d_Subest,$B46,d_Marca,E$5,d_Sector,$E$3) -> 23 | F46: =COUNTIFS(d_Subest,$B46,d_Marca,F$5,d_Sector,$E$3) -> 147 | G46: =COUNTIFS(d_Subest,$B46,d_Marca,G$5,d_Sector,$E$3) -> 100 | H46: =COUNTIFS(d_Subest,$B46,d_Marca,H$5,d_Sector,$E$3) -> 0 | I46: =COUNTIFS(d_Subest,$B46,d_Marca,I$5,d_Sector,$E$3) -> 8 | J46: =COUNTIFS(d_Subest,$B46,d_Marca,J$5,d_Sector,$E$3) -> 0 | K46: =COUNTIFS(d_Subest,$B46,d_Marca,K$5,d_Sector,$E$3) -> 0 | ... M46: =COUNTIFS(d_Subest,$B46,d_Marca,M$5,d_Sector,$E$3) -> 11 | N46: =SUM(D46:M46) -> 544 | O46: =IF($N$47=0,0,N46/$N$47) -> 0.27755102
A47: TOTAL | D47: =SUM(D6:D46) -> 816 | E47: =SUM(E6:E46) -> 345 | F47: =SUM(F6:F46) -> 404 | G47: =SUM(G6:G46) -> 282 | H47: =SUM(H6:H46) -> 40 | I47: =SUM(I6:I46) -> 8 | J47: =SUM(J6:J46) -> 6 | K47: =SUM(K6:K46) -> 2 | ... N47: =SUM(N6:N46) -> 1960 | O47: =IF($N$47=0,0,N47/$N$47) -> 1

Sheet Pivot_Mod_Subest
A1: TABLA DINÁMICA · RELEVADORES POR MARCA Y MODELO × SUBESTACIÓN (AGRUPADO POR SECTOR)
A2: Cada columna es una subestación; al final de cada sector va su subtotal. Use el filtro de la columna A para ver una sola marca.
A6: Marca | B6: Modelo | C6: Sector 1 | D6: Sector 1 | E6: Sector 1 | F6: Sector 2 | G6: Sector 2 | H6: Sector 2 | I6: Sector 3 | J6: Sector 3 | K6: Sector 3 | L6: Sector 4 | M6: Sector 4 | N6: Sector 4 | O6: Sector 4 | P6: Sector 4 | Q6: Sector 5 | R6: Sector 5 | S6: Sector 5 | T6: Sector 5 | U6: Sector 5 | V6: Sector 5 | W6: Sector 6 | X6: Sector 6 | Y6: Sector 6 | Z6: Sector 6 | AA6: Sector 6 | AB6: Sector 6 | AC6: Sector 7 | AD6: Sector 7 | AE6: Sector 7 | AF6: Sector 7 | AG6: Sector 7 | AH6: Sector 7 | AI6: Sector 7 | AJ6: Sector 7 | AK6: Sector 7 | AL6: Sector 7 | AM6: Sector 7 | AN6: Sector 8 | AO6: Sector 8 | AP6: Sector 8 | AQ6: Sector 8 | AR6: Sector 8 | AS6: Sector 8 | AT6: Sector 8 | AU6: Sector 8 | AV6: Sector 8 | AW6: Sector 8 | AX6: Sector 8 | AY6: Sin subestación | AZ6: TOTAL
A7: Sector → | C7: SE-12 | D7: SE-12-1 | E7: Total Sector 1 | F7: SE-15 | G7: SE-15-1 | H7: Total Sector 2 | I7: SE-07 | J7: SE-14 | K7: Total Sector 3 | L7: SE-23 | M7: SE-24 | N7: SE-26 | O7: SE-27 | P7: Total Sector 4 | Q7: SE-03 | R7: SE-04 | S7: SE-05 | T7: SE-06 | U7: SE-11 | V7: Total Sector 5 | W7: SE-02 | X7: SE-08 | Y7: SE-09 | Z7: SE-28 | AA7: SE-29 | AB7: Total Sector 6 | AC7: CE-19-1 | AD7: SE-10 | AE7: SE-13 | AF7: SE-19-1 | AG7: SE-20 | AH7: SE-20-1 | AI7: SE-21 | AJ7: SE-21-1 | AK7: SE-22 | AL7: SE-33 | AM7: Total Sector 7 | AN7: SE-01 | AO7: SE-16 | AP7: SE-17 | AQ7: SE-18 | AR7: SE-18-1 | AS7: SE-19 | AT7: SE-25 | AU7: SE-30 | AV7: SEP-01 | AW7: SEP-02 | AX7: Total Sector 8 | AY7: ÁREA DE PROCESO | AZ7: TOTAL GENERAL
A8: Subestación → | C8: U-DE DESTILACIÓN COMBINADA (UDC2) TREN 2 | D8: U-DE DESTILACIÓN COMBINADA (UDC1) TREN 1 | F8: U-DE COQUIZACIÓN RETARDADA | G8: U-DE COQUIZACIÓN RETARDADA | I8: PLANTA DESINTEGRACIÓN CATALÍTICA (FCC1) | J8: U-DE ALQUILACIÓN (ALKY1) | L8: U-GENERADORA DE HIDRÓGENO (PH21) TREN 1 | M8: U-HIDROTRAT DE GASÓLEOS (HDTGO) NÚM. 1 | N8: U-HIDROTRAT DESTILADOS INTER (HDDI1) T-1 | O8: U-HIDROTRAT DESTILADOS INTER (HDDI2) T-2 | Q8: U-HIDROTRAT DE NAFTAS (HDN1) TREN 1 | R8: U-HIDROTRAT DE NAFTAS (HDN2) TREN 2 | S8: U-TRATAMIENTO/RECUPERACIÓN GAS (PTRG1) | T8: U-ISOMERIZADORA PENTANOS/HEXANOS (PNX1) | U8: U-REFORMADORA CATALÍTICA NAFTAS (REF1) | W8: U-RECUPERADORA DE AZUFRE (PRA1) TREN 1 | X8: PLANTA DE TTO DE AGUAS AMARGAS COMUN | Y8: U-DE TRATAMIENTO DE AMINA AREA COMUN | Z8: EDIFICIO ADMINISTRATIVO NORTE | AA8: EDIFICIO ADMINISTRATIVO SUR | AC8: DESFOGUE DE QUEMADOR DE GASES | AD8: PLANTA DE TRATAMIENTO DE EFLUENTES | AE8: CARCAMO NORTE | AF8: CASA DE BOMBAS 5 | AG8: CASA DE BOMBAS 1 | AH8: CARCAMO OCCIDENTE | AI8: CASA DE BOMBAS 2 | AJ8: CASA DE BOMBAS 3 | AK8: CASA DE BOMBAS 4 | AL8: CARCAMO SUR | AN8: UNIDAD DESMINERALIZADORA DE AGUA | AO8: SECCION TORRE DE ENFRIAMIENTO CT-00201 | AP8: SERVICIOS COMPLEMENTARIOS | AQ8: SECCION DE CONTRAINCENDIO | AR8: PRETRATAMIENTO DE AGUA | AS8: SECCION TORRE DE ENFRIAMIENTO CT-00202 | AT8: SECCION TORRE DE ENFRIAMIENTO CT-00203 | AU8: SUMINISTRO DE AGUA CRUDA | AV8: PLANTA DE COGENERACIÓN | AW8: PLANTA DE COGENERACIÓN
A9: ABB | B9: Total ABB | C9: =COUNTIFS(d_Marca,$A9,d_Subest,C$7) -> 61 | D9: =COUNTIFS(d_Marca,$A9,d_Subest,D$7) -> 50 | E9: =SUM(C9:D9) -> 111 | F9: =COUNTIFS(d_Marca,$A9,d_Subest,F$7) -> 42 | G9: =COUNTIFS(d_Marca,$A9,d_Subest,G$7) -> 26 | H9: =SUM(F9:G9) -> 68 | I9: =COUNTIFS(d_Marca,$A9,d_Subest,I$7) -> 0 | J9: =COUNTIFS(d_Marca,$A9,d_Subest,J$7) -> 39 | K9: =SUM(I9:J9) -> 39 | L9: =COUNTIFS(d_Marca,$A9,d_Subest,L$7) -> 18 | M9: =COUNTIFS(d_Marca,$A9,d_Subest,M$7) -> 0 | N9: =COUNTIFS(d_Marca,$A9,d_Subest,N$7) -> 0 | O9: =COUNTIFS(d_Marca,$A9,d_Subest,O$7) -> 0 | P9: =SUM(L9:O9) -> 18 | Q9: =COUNTIFS(d_Marca,$A9,d_Subest,Q$7) -> 0 | R9: =COUNTIFS(d_Marca,$A9,d_Subest,R$7) -> 0 | S9: =COUNTIFS(d_Marca,$A9,d_Subest,S$7) -> 0 | T9: =COUNTIFS(d_Marca,$A9,d_Subest,T$7) -> 30 | U9: =COUNTIFS(d_Marca,$A9,d_Subest,U$7) -> 0 | V9: =SUM(Q9:U9) -> 30 | W9: =COUNTIFS(d_Marca,$A9,d_Subest,W$7) -> 24 | X9: =COUNTIFS(d_Marca,$A9,d_Subest,X$7) -> 25 | Y9: =COUNTIFS(d_Marca,$A9,d_Subest,Y$7) -> 21 | Z9: =COUNTIFS(d_Marca,$A9,d_Subest,Z$7) -> 22 | AA9: =COUNTIFS(d_Marca,$A9,d_Subest,AA$7) -> 24 | AB9: =SUM(W9:AA9) -> 116 | AC9: =COUNTIFS(d_Marca,$A9,d_Subest,AC$7) -> 0 | AD9: =COUNTIFS(d_Marca,$A9,d_Subest,AD$7) -> 0 | AE9: =COUNTIFS(d_Marca,$A9,d_Subest,AE$7) -> 0 | AF9: =COUNTIFS(d_Marca,$A9,d_Subest,AF$7) -> 4 | AG9: =COUNTIFS(d_Marca,$A9,d_Subest,AG$7) -> 0 | AH9: =COUNTIFS(d_Marca,$A9,d_Subest,AH$7) -> 0 | AI9: =COUNTIFS(d_Marca,$A9,d_Subest,AI$7) -> 0 | AJ9: =COUNTIFS(d_Marca,$A9,d_Subest,AJ$7) -> 0 | ... AL9: =COUNTIFS(d_Marca,$A9,d_Subest,AL$7) -> 0 | AM9: =SUM(AC9:AL9) -> 4 | AN9: =COUNTIFS(d_Marca,$A9,d_Subest,AN$7) -> 0 | AO9: =COUNTIFS(d_Marca,$A9,d_Subest,AO$7) -> 22 | AP9: =COUNTIFS(d_Marca,$A9,d_Subest,AP$7) -> 0 | AQ9: =COUNTIFS(d_Marca,$A9,d_Subest,AQ$7) -> 0 | AR9: =COUNTIFS(d_Marca,$A9,d_Subest,AR$7) -> 0 | AS9: =COUNTIFS(d_Marca,$A9,d_Subest,AS$7) -> 28 | AT9: =COUNTIFS(d_Marca,$A9,d_Subest,AT$7) -> 0 | AU9: =COUNTIFS(d_Marca,$A9,d_Subest,AU$7) -> 0 | ... AW9: =COUNTIFS(d_Marca,$A9,d_Subest,AW$7) -> 63 | AX9: =SUM(AN9:AW9) -> 175 | AY9: =COUNTIFS(d_Marca,$A9,d_Subest,AY$7) -> 255 | AZ9: =E9+H9+K9+P9+V9+AB9+AM9+AX9+AY9 -> 816
A10: ABB | B10: 1AFFAEAGNEC5BNA11G | C10: =COUNTIFS(d_Marca,$A10,d_Modelo,$B10,d_Subest,C$7) -> 46 | D10: =COUNTIFS(d_Marca,$A10,d_Modelo,$B10,d_Subest,D$7) -> 35 | E10: =SUM(C10:D10) -> 81 | F10: =COUNTIFS(d_Marca,$A10,d_Modelo,$B10,d_Subest,F$7) -> 11 | G10: =COUNTIFS(d_Marca,$A10,d_Modelo,$B10,d_Subest,G$7) -> 13 | H10: =SUM(F10:G10) -> 24 | I10: =COUNTIFS(d_Marca,$A10,d_Modelo,$B10,d_Subest,I$7) -> 0 | J10: =COUNTIFS(d_Marca,$A10,d_Modelo,$B10,d_Subest,J$7) -> 0 | K10: =SUM(I10:J10) -> 0 | L10: =COUNTIFS(d_Marca,$A10,d_Modelo,$B10,d_Subest,L$7) -> 0 | M10: =COUNTIFS(d_Marca,$A10,d_Modelo,$B10,d_Subest,M$7) -> 0 | N10: =COUNTIFS(d_Marca,$A10,d_Modelo,$B10,d_Subest,N$7) -> 0 | O10: =COUNTIFS(d_Marca,$A10,d_Modelo,$B10,d_Subest,O$7) -> 0 | P10: =SUM(L10:O10) -> 0 | Q10: =COUNTIFS(d_Marca,$A10,d_Modelo,$B10,d_Subest,Q$7) -> 0 | R10: =COUNTIFS(d_Marca,$A10,d_Modelo,$B10,d_Subest,R$7) -> 0 | S10: =COUNTIFS(d_Marca,$A10,d_Modelo,$B10,d_Subest,S$7) -> 0 | T10: =COUNTIFS(d_Marca,$A10,d_Modelo,$B10,d_Subest,T$7) -> 0 | U10: =COUNTIFS(d_Marca,$A10,d_Modelo,$B10,d_Subest,U$7) -> 0 | V10: =SUM(Q10:U10) -> 0 | W10: =COUNTIFS(d_Marca,$A10,d_Modelo,$B10,d_Subest,W$7) -> 0 | X10: =COUNTIFS(d_Marca,$A10,d_Modelo,$B10,d_Subest,X$7) -> 0 | Y10: =COUNTIFS(d_Marca,$A10,d_Modelo,$B10,d_Subest,Y$7) -> 0 | Z10: =COUNTIFS(d_Marca,$A10,d_Modelo,$B10,d_Subest,Z$7) -> 0 | AA10: =COUNTIFS(d_Marca,$A10,d_Modelo,$B10,d_Subest,AA$7) -> 0 | AB10: =SUM(W10:AA10) -> 0 | AC10: =COUNTIFS(d_Marca,$A10,d_Modelo,$B10,d_Subest,AC$7) -> 0 | AD10: =COUNTIFS(d_Marca,$A10,d_Modelo,$B10,d_Subest,AD$7) -> 0 | AE10: =COUNTIFS(d_Marca,$A10,d_Modelo,$B10,d_Subest,AE$7) -> 0 | AF10: =COUNTIFS(d_Marca,$A10,d_Modelo,$B10,d_Subest,AF$7) -> 0 | AG10: =COUNTIFS(d_Marca,$A10,d_Modelo,$B10,d_Subest,AG$7) -> 0 | AH10: =COUNTIFS(d_Marca,$A10,d_Modelo,$B10,d_Subest,AH$7) -> 0 | AI10: =COUNTIFS(d_Marca,$A10,d_Modelo,$B10,d_Subest,AI$7) -> 0 | AJ10: =COUNTIFS(d_Marca,$A10,d_Modelo,$B10,d_Subest,AJ$7) -> 0 | ... AL10: =COUNTIFS(d_Marca,$A10,d_Modelo,$B10,d_Subest,AL$7) -> 0 | AM10: =SUM(AC10:AL10) -> 0 | AN10: =COUNTIFS(d_Marca,$A10,d_Modelo,$B10,d_Subest,AN$7) -> 0 | AO10: =COUNTIFS(d_Marca,$A10,d_Modelo,$B10,d_Subest,AO$7) -> 0 | AP10: =COUNTIFS(d_Marca,$A10,d_Modelo,$B10,d_Subest,AP$7) -> 0 | AQ10: =COUNTIFS(d_Marca,$A10,d_Modelo,$B10,d_Subest,AQ$7) -> 0 | AR10: =COUNTIFS(d_Marca,$A10,d_Modelo,$B10,d_Subest,AR$7) -> 0 | AS10: =COUNTIFS(d_Marca,$A10,d_Modelo,$B10,d_Subest,AS$7) -> 0 | AT10: =COUNTIFS(d_Marca,$A10,d_Modelo,$B10,d_Subest,AT$7) -> 0 | AU10: =COUNTIFS(d_Marca,$A10,d_Modelo,$B10,d_Subest,AU$7) -> 0 | ... AW10: =COUNTIFS(d_Marca,$A10,d_Modelo,$B10,d_Subest,AW$7) -> 0 | AX10: =SUM(AN10:AW10) -> 0 | AY10: =COUNTIFS(d_Marca,$A10,d_Modelo,$B10,d_Subest,AY$7) -> 79 | AZ10: =E10+H10+K10+P10+V10+AB10+AM10+AX10+AY10 -> 184
A11: ABB | B11: REF615A_1G | C11: =COUNTIFS(d_Marca,$A11,d_Modelo,$B11,d_Subest,C$7) -> 0 | D11: =COUNTIFS(d_Marca,$A11,d_Modelo,$B11,d_Subest,D$7) -> 0 | E11: =SUM(C11:D11) -> 0 | F11: =COUNTIFS(d_Marca,$A11,d_Modelo,$B11,d_Subest,F$7) -> 0 | G11: =COUNTIFS(d_Marca,$A11,d_Modelo,$B11,d_Subest,G$7) -> 0 | H11: =SUM(F11:G11) -> 0 | I11: =COUNTIFS(d_Marca,$A11,d_Modelo,$B11,d_Subest,I$7) -> 0 | J11: =COUNTIFS(d_Marca,$A11,d_Modelo,$B11,d_Subest,J$7) -> 0 | K11: =SUM(I11:J11) -> 0 | L11: =COUNTIFS(d_Marca,$A11,d_Modelo,$B11,d_Subest,L$7) -> 0 | M11: =COUNTIFS(d_Marca,$A11,d_Modelo,$B11,d_Subest,M$7) -> 0 | N11: =COUNTIFS(d_Marca,$A11,d_Modelo,$B11,d_Subest,N$7) -> 0 | O11: =COUNTIFS(d_Marca,$A11,d_Modelo,$B11,d_Subest,O$7) -> 0 | P11: =SUM(L11:O11) -> 0 | Q11: =COUNTIFS(d_Marca,$A11,d_Modelo,$B11,d_Subest,Q$7) -> 0 | R11: =COUNTIFS(d_Marca,$A11,d_Modelo,$B11,d_Subest,R$7) -> 0 | S11: =COUNTIFS(d_Marca,$A11,d_Modelo,$B11,d_Subest,S$7) -> 0 | T11: =COUNTIFS(d_Marca,$A11,d_Modelo,$B11,d_Subest,T$7) -> 0 | U11: =COUNTIFS(d_Marca,$A11,d_Modelo,$B11,d_Subest,U$7) -> 0 | V11: =SUM(Q11:U11) -> 0 | W11: =COUNTIFS(d_Marca,$A11,d_Modelo,$B11,d_Subest,W$7) -> 16 | X11: =COUNTIFS(d_Marca,$A11,d_Modelo,$B11,d_Subest,X$7) -> 23 | Y11: =COUNTIFS(d_Marca,$A11,d_Modelo,$B11,d_Subest,Y$7) -> 0 | Z11: =COUNTIFS(d_Marca,$A11,d_Modelo,$B11,d_Subest,Z$7) -> 14 | AA11: =COUNTIFS(d_Marca,$A11,d_Modelo,$B11,d_Subest,AA$7) -> 16 | AB11: =SUM(W11:AA11) -> 69 | AC11: =COUNTIFS(d_Marca,$A11,d_Modelo,$B11,d_Subest,AC$7) -> 0 | AD11: =COUNTIFS(d_Marca,$A11,d_Modelo,$B11,d_Subest,AD$7) -> 0 | AE11: =COUNTIFS(d_Marca,$A11,d_Modelo,$B11,d_Subest,AE$7) -> 0 | AF11: =COUNTIFS(d_Marca,$A11,d_Modelo,$B11,d_Subest,AF$7) -> 0 | AG11: =COUNTIFS(d_Marca,$A11,d_Modelo,$B11,d_Subest,AG$7) -> 0 | AH11: =COUNTIFS(d_Marca,$A11,d_Modelo,$B11,d_Subest,AH$7) -> 0 | AI11: =COUNTIFS(d_Marca,$A11,d_Modelo,$B11,d_Subest,AI$7) -> 0 | AJ11: =COUNTIFS(d_Marca,$A11,d_Modelo,$B11,d_Subest,AJ$7) -> 0 | ... AL11: =COUNTIFS(d_Marca,$A11,d_Modelo,$B11,d_Subest,AL$7) -> 0 | AM11: =SUM(AC11:AL11) -> 0 | AN11: =COUNTIFS(d_Marca,$A11,d_Modelo,$B11,d_Subest,AN$7) -> 0 | AO11: =COUNTIFS(d_Marca,$A11,d_Modelo,$B11,d_Subest,AO$7) -> 14 | AP11: =COUNTIFS(d_Marca,$A11,d_Modelo,$B11,d_Subest,AP$7) -> 0 | AQ11: =COUNTIFS(d_Marca,$A11,d_Modelo,$B11,d_Subest,AQ$7) -> 0 | AR11: =COUNTIFS(d_Marca,$A11,d_Modelo,$B11,d_Subest,AR$7) -> 0 | AS11: =COUNTIFS(d_Marca,$A11,d_Modelo,$B11,d_Subest,AS$7) -> 19 | AT11: =COUNTIFS(d_Marca,$A11,d_Modelo,$B11,d_Subest,AT$7) -> 0 | AU11: =COUNTIFS(d_Marca,$A11,d_Modelo,$B11,d_Subest,AU$7) -> 0 | ... AW11: =COUNTIFS(d_Marca,$A11,d_Modelo,$B11,d_Subest,AW$7) -> 39 | AX11: =SUM(AN11:AW11) -> 98 | AY11: =COUNTIFS(d_Marca,$A11,d_Modelo,$B11,d_Subest,AY$7) -> 0 | AZ11: =E11+H11+K11+P11+V11+AB11+AM11+AX11+AY11 -> 167
A12: ABB | B12: 1AMEBCADNEC5BNN11G | C12: =COUNTIFS(d_Marca,$A12,d_Modelo,$B12,d_Subest,C$7) -> 0 | D12: =COUNTIFS(d_Marca,$A12,d_Modelo,$B12,d_Subest,D$7) -> 1 | E12: =SUM(C12:D12) -> 1 | F12: =COUNTIFS(d_Marca,$A12,d_Modelo,$B12,d_Subest,F$7) -> 9 | G12: =COUNTIFS(d_Marca,$A12,d_Modelo,$B12,d_Subest,G$7) -> 5 | H12: =SUM(F12:G12) -> 14 | I12: =COUNTIFS(d_Marca,$A12,d_Modelo,$B12,d_Subest,I$7) -> 0 | J12: =COUNTIFS(d_Marca,$A12,d_Modelo,$B12,d_Subest,J$7) -> 0 | K12: =SUM(I12:J12) -> 0 | L12: =COUNTIFS(d_Marca,$A12,d_Modelo,$B12,d_Subest,L$7) -> 0 | M12: =COUNTIFS(d_Marca,$A12,d_Modelo,$B12,d_Subest,M$7) -> 0 | N12: =COUNTIFS(d_Marca,$A12,d_Modelo,$B12,d_Subest,N$7) -> 0 | O12: =COUNTIFS(d_Marca,$A12,d_Modelo,$B12,d_Subest,O$7) -> 0 | P12: =SUM(L12:O12) -> 0 | Q12: =COUNTIFS(d_Marca,$A12,d_Modelo,$B12,d_Subest,Q$7) -> 0 | R12: =COUNTIFS(d_Marca,$A12,d_Modelo,$B12,d_Subest,R$7) -> 0 | S12: =COUNTIFS(d_Marca,$A12,d_Modelo,$B12,d_Subest,S$7) -> 0 | T12: =COUNTIFS(d_Marca,$A12,d_Modelo,$B12,d_Subest,T$7) -> 0 | U12: =COUNTIFS(d_Marca,$A12,d_Modelo,$B12,d_Subest,U$7) -> 0 | V12: =SUM(Q12:U12) -> 0 | W12: =COUNTIFS(d_Marca,$A12,d_Modelo,$B12,d_Subest,W$7) -> 0 | X12: =COUNTIFS(d_Marca,$A12,d_Modelo,$B12,d_Subest,X$7) -> 0 | Y12: =COUNTIFS(d_Marca,$A12,d_Modelo,$B12,d_Subest,Y$7) -> 0 | Z12: =COUNTIFS(d_Marca,$A12,d_Modelo,$B12,d_Subest,Z$7) -> 0 | AA12: =COUNTIFS(d_Marca,$A12,d_Modelo,$B12,d_Subest,AA$7) -> 0 | AB12: =SUM(W12:AA12) -> 0 | AC12: =COUNTIFS(d_Marca,$A12,d_Modelo,$B12,d_Subest,AC$7) -> 0 | AD12: =COUNTIFS(d_Marca,$A12,d_Modelo,$B12,d_Subest,AD$7) -> 0 | AE12: =COUNTIFS(d_Marca,$A12,d_Modelo,$B12,d_Subest,AE$7) -> 0 | AF12: =COUNTIFS(d_Marca,$A12,d_Modelo,$B12,d_Subest,AF$7) -> 0 | AG12: =COUNTIFS(d_Marca,$A12,d_Modelo,$B12,d_Subest,AG$7) -> 0 | AH12: =COUNTIFS(d_Marca,$A12,d_Modelo,$B12,d_Subest,AH$7) -> 0 | AI12: =COUNTIFS(d_Marca,$A12,d_Modelo,$B12,d_Subest,AI$7) -> 0 | AJ12: =COUNTIFS(d_Marca,$A12,d_Modelo,$B12,d_Subest,AJ$7) -> 0 | ... AL12: =COUNTIFS(d_Marca,$A12,d_Modelo,$B12,d_Subest,AL$7) -> 0 | AM12: =SUM(AC12:AL12) -> 0 | AN12: =COUNTIFS(d_Marca,$A12,d_Modelo,$B12,d_Subest,AN$7) -> 0 | AO12: =COUNTIFS(d_Marca,$A12,d_Modelo,$B12,d_Subest,AO$7) -> 0 | AP12: =COUNTIFS(d_Marca,$A12,d_Modelo,$B12,d_Subest,AP$7) -> 0 | AQ12: =COUNTIFS(d_Marca,$A12,d_Modelo,$B12,d_Subest,AQ$7) -> 0 | AR12: =COUNTIFS(d_Marca,$A12,d_Modelo,$B12,d_Subest,AR$7) -> 0 | AS12: =COUNTIFS(d_Marca,$A12,d_Modelo,$B12,d_Subest,AS$7) -> 0 | AT12: =COUNTIFS(d_Marca,$A12,d_Modelo,$B12,d_Subest,AT$7) -> 0 | AU12: =COUNTIFS(d_Marca,$A12,d_Modelo,$B12,d_Subest,AU$7) -> 0 | ... AW12: =COUNTIFS(d_Marca,$A12,d_Modelo,$B12,d_Subest,AW$7) -> 0 | AX12: =SUM(AN12:AW12) -> 0 | AY12: =COUNTIFS(d_Marca,$A12,d_Modelo,$B12,d_Subest,AY$7) -> 70 | AZ12: =E12+H12+K12+P12+V12+AB12+AM12+AX12+AY12 -> 85
A13: ABB | B13: REF | C13: =COUNTIFS(d_Marca,$A13,d_Modelo,$B13,d_Subest,C$7) -> 0 | D13: =COUNTIFS(d_Marca,$A13,d_Modelo,$B13,d_Subest,D$7) -> 0 | E13: =SUM(C13:D13) -> 0 | F13: =COUNTIFS(d_Marca,$A13,d_Modelo,$B13,d_Subest,F$7) -> 0 | G13: =COUNTIFS(d_Marca,$A13,d_Modelo,$B13,d_Subest,G$7) -> 0 | H13: =SUM(F13:G13) -> 0 | I13: =COUNTIFS(d_Marca,$A13,d_Modelo,$B13,d_Subest,I$7) -> 0 | J13: =COUNTIFS(d_Marca,$A13,d_Modelo,$B13,d_Subest,J$7) -> 29 | K13: =SUM(I13:J13) -> 29 | L13: =COUNTIFS(d_Marca,$A13,d_Modelo,$B13,d_Subest,L$7) -> 11 | M13: =COUNTIFS(d_Marca,$A13,d_Modelo,$B13,d_Subest,M$7) -> 0 | N13: =COUNTIFS(d_Marca,$A13,d_Modelo,$B13,d_Subest,N$7) -> 0 | O13: =COUNTIFS(d_Marca,$A13,d_Modelo,$B13,d_Subest,O$7) -> 0 | P13: =SUM(L13:O13) -> 11 | Q13: =COUNTIFS(d_Marca,$A13,d_Modelo,$B13,d_Subest,Q$7) -> 0 | R13: =COUNTIFS(d_Marca,$A13,d_Modelo,$B13,d_Subest,R$7) -> 0 | S13: =COUNTIFS(d_Marca,$A13,d_Modelo,$B13,d_Subest,S$7) -> 0 | T13: =COUNTIFS(d_Marca,$A13,d_Modelo,$B13,d_Subest,T$7) -> 23 | U13: =COUNTIFS(d_Marca,$A13,d_Modelo,$B13,d_Subest,U$7) -> 0 | V13: =SUM(Q13:U13) -> 23 | W13: =COUNTIFS(d_Marca,$A13,d_Modelo,$B13,d_Subest,W$7) -> 0 | X13: =COUNTIFS(d_Marca,$A13,d_Modelo,$B13,d_Subest,X$7) -> 0 | Y13: =COUNTIFS(d_Marca,$A13,d_Modelo,$B13,d_Subest,Y$7) -> 0 | Z13: =COUNTIFS(d_Marca,$A13,d_Modelo,$B13,d_Subest,Z$7) -> 0 | AA13: =COUNTIFS(d_Marca,$A13,d_Modelo,$B13,d_Subest,AA$7) -> 0 | AB13: =SUM(W13:AA13) -> 0 | AC13: =COUNTIFS(d_Marca,$A13,d_Modelo,$B13,d_Subest,AC$7) -> 0 | AD13: =COUNTIFS(d_Marca,$A13,d_Modelo,$B13,d_Subest,AD$7) -> 0 | AE13: =COUNTIFS(d_Marca,$A13,d_Modelo,$B13,d_Subest,AE$7) -> 0 | AF13: =COUNTIFS(d_Marca,$A13,d_Modelo,$B13,d_Subest,AF$7) -> 4 | AG13: =COUNTIFS(d_Marca,$A13,d_Modelo,$B13,d_Subest,AG$7) -> 0 | AH13: =COUNTIFS(d_Marca,$A13,d_Modelo,$B13,d_Subest,AH$7) -> 0 | AI13: =COUNTIFS(d_Marca,$A13,d_Modelo,$B13,d_Subest,AI$7) -> 0 | AJ13: =COUNTIFS(d_Marca,$A13,d_Modelo,$B13,d_Subest,AJ$7) -> 0 | ... AL13: =COUNTIFS(d_Marca,$A13,d_Modelo,$B13,d_Subest,AL$7) -> 0 | AM13: =SUM(AC13:AL13) -> 4 | AN13: =COUNTIFS(d_Marca,$A13,d_Modelo,$B13,d_Subest,AN$7) -> 0 | AO13: =COUNTIFS(d_Marca,$A13,d_Modelo,$B13,d_Subest,AO$7) -> 0 | AP13: =COUNTIFS(d_Marca,$A13,d_Modelo,$B13,d_Subest,AP$7) -> 0 | AQ13: =COUNTIFS(d_Marca,$A13,d_Modelo,$B13,d_Subest,AQ$7) -> 0 | AR13: =COUNTIFS(d_Marca,$A13,d_Modelo,$B13,d_Subest,AR$7) -> 0 | AS13: =COUNTIFS(d_Marca,$A13,d_Modelo,$B13,d_Subest,AS$7) -> 0 | AT13: =COUNTIFS(d_Marca,$A13,d_Modelo,$B13,d_Subest,AT$7) -> 0 | AU13: =COUNTIFS(d_Marca,$A13,d_Modelo,$B13,d_Subest,AU$7) -> 0 | ... AW13: =COUNTIFS(d_Marca,$A13,d_Modelo,$B13,d_Subest,AW$7) -> 0 | AX13: =SUM(AN13:AW13) -> 0 | AY13: =COUNTIFS(d_Marca,$A13,d_Modelo,$B13,d_Subest,AY$7) -> 0 | AZ13: =E13+H13+K13+P13+V13+AB13+AM13+AX13+AY13 -> 67
A14: ABB | B14: REA 101 | C14: =COUNTIFS(d_Marca,$A14,d_Modelo,$B14,d_Subest,C$7) -> 0 | D14: =COUNTIFS(d_Marca,$A14,d_Modelo,$B14,d_Subest,D$7) -> 0 | E14: =SUM(C14:D14) -> 0 | F14: =COUNTIFS(d_Marca,$A14,d_Modelo,$B14,d_Subest,F$7) -> 0 | G14: =COUNTIFS(d_Marca,$A14,d_Modelo,$B14,d_Subest,G$7) -> 0 | H14: =SUM(F14:G14) -> 0 | I14: =COUNTIFS(d_Marca,$A14,d_Modelo,$B14,d_Subest,I$7) -> 0 | J14: =COUNTIFS(d_Marca,$A14,d_Modelo,$B14,d_Subest,J$7) -> 0 | K14: =SUM(I14:J14) -> 0 | L14: =COUNTIFS(d_Marca,$A14,d_Modelo,$B14,d_Subest,L$7) -> 0 | M14: =COUNTIFS(d_Marca,$A14,d_Modelo,$B14,d_Subest,M$7) -> 0 | N14: =COUNTIFS(d_Marca,$A14,d_Modelo,$B14,d_Subest,N$7) -> 0 | O14: =COUNTIFS(d_Marca,$A14,d_Modelo,$B14,d_Subest,O$7) -> 0 | P14: =SUM(L14:O14) -> 0 | Q14: =COUNTIFS(d_Marca,$A14,d_Modelo,$B14,d_Subest,Q$7) -> 0 | R14: =COUNTIFS(d_Marca,$A14,d_Modelo,$B14,d_Subest,R$7) -> 0 | S14: =COUNTIFS(d_Marca,$A14,d_Modelo,$B14,d_Subest,S$7) -> 0 | T14: =COUNTIFS(d_Marca,$A14,d_Modelo,$B14,d_Subest,T$7) -> 0 | U14: =COUNTIFS(d_Marca,$A14,d_Modelo,$B14,d_Subest,U$7) -> 0 | V14: =SUM(Q14:U14) -> 0 | W14: =COUNTIFS(d_Marca,$A14,d_Modelo,$B14,d_Subest,W$7) -> 6 | X14: =COUNTIFS(d_Marca,$A14,d_Modelo,$B14,d_Subest,X$7) -> 2 | Y14: =COUNTIFS(d_Marca,$A14,d_Modelo,$B14,d_Subest,Y$7) -> 2 | Z14: =COUNTIFS(d_Marca,$A14,d_Modelo,$B14,d_Subest,Z$7) -> 6 | AA14: =COUNTIFS(d_Marca,$A14,d_Modelo,$B14,d_Subest,AA$7) -> 6 | AB14: =SUM(W14:AA14) -> 22 | AC14: =COUNTIFS(d_Marca,$A14,d_Modelo,$B14,d_Subest,AC$7) -> 0 | AD14: =COUNTIFS(d_Marca,$A14,d_Modelo,$B14,d_Subest,AD$7) -> 0 | AE14: =COUNTIFS(d_Marca,$A14,d_Modelo,$B14,d_Subest,AE$7) -> 0 | AF14: =COUNTIFS(d_Marca,$A14,d_Modelo,$B14,d_Subest,AF$7) -> 0 | AG14: =COUNTIFS(d_Marca,$A14,d_Modelo,$B14,d_Subest,AG$7) -> 0 | AH14: =COUNTIFS(d_Marca,$A14,d_Modelo,$B14,d_Subest,AH$7) -> 0 | AI14: =COUNTIFS(d_Marca,$A14,d_Modelo,$B14,d_Subest,AI$7) -> 0 | AJ14: =COUNTIFS(d_Marca,$A14,d_Modelo,$B14,d_Subest,AJ$7) -> 0 | ... AL14: =COUNTIFS(d_Marca,$A14,d_Modelo,$B14,d_Subest,AL$7) -> 0 | AM14: =SUM(AC14:AL14) -> 0 | AN14: =COUNTIFS(d_Marca,$A14,d_Modelo,$B14,d_Subest,AN$7) -> 0 | AO14: =COUNTIFS(d_Marca,$A14,d_Modelo,$B14,d_Subest,AO$7) -> 6 | AP14: =COUNTIFS(d_Marca,$A14,d_Modelo,$B14,d_Subest,AP$7) -> 0 | AQ14: =COUNTIFS(d_Marca,$A14,d_Modelo,$B14,d_Subest,AQ$7) -> 0 | AR14: =COUNTIFS(d_Marca,$A14,d_Modelo,$B14,d_Subest,AR$7) -> 0 | AS14: =COUNTIFS(d_Marca,$A14,d_Modelo,$B14,d_Subest,AS$7) -> 7 | AT14: =COUNTIFS(d_Marca,$A14,d_Modelo,$B14,d_Subest,AT$7) -> 0 | AU14: =COUNTIFS(d_Marca,$A14,d_Modelo,$B14,d_Subest,AU$7) -> 0 | ... AW14: =COUNTIFS(d_Marca,$A14,d_Modelo,$B14,d_Subest,AW$7) -> 16 | AX14: =SUM(AN14:AW14) -> 33 | AY14: =COUNTIFS(d_Marca,$A14,d_Modelo,$B14,d_Subest,AY$7) -> 4 | AZ14: =E14+H14+K14+P14+V14+AB14+AM14+AX14+AY14 -> 59
A15: ABB | B15: REM615A_1G | C15: =COUNTIFS(d_Marca,$A15,d_Modelo,$B15,d_Subest,C$7) -> 0 | D15: =COUNTIFS(d_Marca,$A15,d_Modelo,$B15,d_Subest,D$7) -> 0 | E15: =SUM(C15:D15) -> 0 | F15: =COUNTIFS(d_Marca,$A15,d_Modelo,$B15,d_Subest,F$7) -> 0 | G15: =COUNTIFS(d_Marca,$A15,d_Modelo,$B15,d_Subest,G$7) -> 0 | H15: =SUM(F15:G15) -> 0 | I15: =COUNTIFS(d_Marca,$A15,d_Modelo,$B15,d_Subest,I$7) -> 0 | J15: =COUNTIFS(d_Marca,$A15,d_Modelo,$B15,d_Subest,J$7) -> 0 | K15: =SUM(I15:J15) -> 0 | L15: =COUNTIFS(d_Marca,$A15,d_Modelo,$B15,d_Subest,L$7) -> 0 | M15: =COUNTIFS(d_Marca,$A15,d_Modelo,$B15,d_Subest,M$7) -> 0 | N15: =COUNTIFS(d_Marca,$A15,d_Modelo,$B15,d_Subest,N$7) -> 0 | O15: =COUNTIFS(d_Marca,$A15,d_Modelo,$B15,d_Subest,O$7) -> 0 | P15: =SUM(L15:O15) -> 0 | Q15: =COUNTIFS(d_Marca,$A15,d_Modelo,$B15,d_Subest,Q$7) -> 0 | R15: =COUNTIFS(d_Marca,$A15,d_Modelo,$B15,d_Subest,R$7) -> 0 | S15: =COUNTIFS(d_Marca,$A15,d_Modelo,$B15,d_Subest,S$7) -> 0 | T15: =COUNTIFS(d_Marca,$A15,d_Modelo,$B15,d_Subest,T$7) -> 0 | U15: =COUNTIFS(d_Marca,$A15,d_Modelo,$B15,d_Subest,U$7) -> 0 | V15: =SUM(Q15:U15) -> 0 | W15: =COUNTIFS(d_Marca,$A15,d_Modelo,$B15,d_Subest,W$7) -> 0 | X15: =COUNTIFS(d_Marca,$A15,d_Modelo,$B15,d_Subest,X$7) -> 0 | Y15: =COUNTIFS(d_Marca,$A15,d_Modelo,$B15,d_Subest,Y$7) -> 0 | Z15: =COUNTIFS(d_Marca,$A15,d_Modelo,$B15,d_Subest,Z$7) -> 0 | AA15: =COUNTIFS(d_Marca,$A15,d_Modelo,$B15,d_Subest,AA$7) -> 0 | AB15: =SUM(W15:AA15) -> 0 | AC15: =COUNTIFS(d_Marca,$A15,d_Modelo,$B15,d_Subest,AC$7) -> 0 | AD15: =COUNTIFS(d_Marca,$A15,d_Modelo,$B15,d_Subest,AD$7) -> 0 | AE15: =COUNTIFS(d_Marca,$A15,d_Modelo,$B15,d_Subest,AE$7) -> 0 | AF15: =COUNTIFS(d_Marca,$A15,d_Modelo,$B15,d_Subest,AF$7) -> 0 | AG15: =COUNTIFS(d_Marca,$A15,d_Modelo,$B15,d_Subest,AG$7) -> 0 | AH15: =COUNTIFS(d_Marca,$A15,d_Modelo,$B15,d_Subest,AH$7) -> 0 | AI15: =COUNTIFS(d_Marca,$A15,d_Modelo,$B15,d_Subest,AI$7) -> 0 | AJ15: =COUNTIFS(d_Marca,$A15,d_Modelo,$B15,d_Subest,AJ$7) -> 0 | ... AL15: =COUNTIFS(d_Marca,$A15,d_Modelo,$B15,d_Subest,AL$7) -> 0 | AM15: =SUM(AC15:AL15) -> 0 | AN15: =COUNTIFS(d_Marca,$A15,d_Modelo,$B15,d_Subest,AN$7) -> 0 | AO15: =COUNTIFS(d_Marca,$A15,d_Modelo,$B15,d_Subest,AO$7) -> 0 | AP15: =COUNTIFS(d_Marca,$A15,d_Modelo,$B15,d_Subest,AP$7) -> 0 | AQ15: =COUNTIFS(d_Marca,$A15,d_Modelo,$B15,d_Subest,AQ$7) -> 0 | AR15: =COUNTIFS(d_Marca,$A15,d_Modelo,$B15,d_Subest,AR$7) -> 0 | AS15: =COUNTIFS(d_Marca,$A15,d_Modelo,$B15,d_Subest,AS$7) -> 0 | AT15: =COUNTIFS(d_Marca,$A15,d_Modelo,$B15,d_Subest,AT$7) -> 0 | AU15: =COUNTIFS(d_Marca,$A15,d_Modelo,$B15,d_Subest,AU$7) -> 0 | ... AW15: =COUNTIFS(d_Marca,$A15,d_Modelo,$B15,d_Subest,AW$7) -> 0 | AX15: =SUM(AN15:AW15) -> 0 | AY15: =COUNTIFS(d_Marca,$A15,d_Modelo,$B15,d_Subest,AY$7) -> 57 | AZ15: =E15+H15+K15+P15+V15+AB15+AM15+AX15+AY15 -> 57
A16: ABB | B16: 1AFPAKAKNGC5BNN11G | C16: =COUNTIFS(d_Marca,$A16,d_Modelo,$B16,d_Subest,C$7) -> 9 | D16: =COUNTIFS(d_Marca,$A16,d_Modelo,$B16,d_Subest,D$7) -> 9 | E16: =SUM(C16:D16) -> 18 | F16: =COUNTIFS(d_Marca,$A16,d_Modelo,$B16,d_Subest,F$7) -> 10 | G16: =COUNTIFS(d_Marca,$A16,d_Modelo,$B16,d_Subest,G$7) -> 3 | H16: =SUM(F16:G16) -> 13 | I16: =COUNTIFS(d_Marca,$A16,d_Modelo,$B16,d_Subest,I$7) -> 0 | J16: =COUNTIFS(d_Marca,$A16,d_Modelo,$B16,d_Subest,J$7) -> 0 | K16: =SUM(I16:J16) -> 0 | L16: =COUNTIFS(d_Marca,$A16,d_Modelo,$B16,d_Subest,L$7) -> 0 | M16: =COUNTIFS(d_Marca,$A16,d_Modelo,$B16,d_Subest,M$7) -> 0 | N16: =COUNTIFS(d_Marca,$A16,d_Modelo,$B16,d_Subest,N$7) -> 0 | O16: =COUNTIFS(d_Marca,$A16,d_Modelo,$B16,d_Subest,O$7) -> 0 | P16: =SUM(L16:O16) -> 0 | Q16: =COUNTIFS(d_Marca,$A16,d_Modelo,$B16,d_Subest,Q$7) -> 0 | R16: =COUNTIFS(d_Marca,$A16,d_Modelo,$B16,d_Subest,R$7) -> 0 | S16: =COUNTIFS(d_Marca,$A16,d_Modelo,$B16,d_Subest,S$7) -> 0 | T16: =COUNTIFS(d_Marca,$A16,d_Modelo,$B16,d_Subest,T$7) -> 0 | U16: =COUNTIFS(d_Marca,$A16,d_Modelo,$B16,d_Subest,U$7) -> 0 | V16: =SUM(Q16:U16) -> 0 | W16: =COUNTIFS(d_Marca,$A16,d_Modelo,$B16,d_Subest,W$7) -> 0 | X16: =COUNTIFS(d_Marca,$A16,d_Modelo,$B16,d_Subest,X$7) -> 0 | Y16: =COUNTIFS(d_Marca,$A16,d_Modelo,$B16,d_Subest,Y$7) -> 0 | Z16: =COUNTIFS(d_Marca,$A16,d_Modelo,$B16,d_Subest,Z$7) -> 0 | AA16: =COUNTIFS(d_Marca,$A16,d_Modelo,$B16,d_Subest,AA$7) -> 0 | AB16: =SUM(W16:AA16) -> 0 | AC16: =COUNTIFS(d_Marca,$A16,d_Modelo,$B16,d_Subest,AC$7) -> 0 | AD16: =COUNTIFS(d_Marca,$A16,d_Modelo,$B16,d_Subest,AD$7) -> 0 | AE16: =COUNTIFS(d_Marca,$A16,d_Modelo,$B16,d_Subest,AE$7) -> 0 | AF16: =COUNTIFS(d_Marca,$A16,d_Modelo,$B16,d_Subest,AF$7) -> 0 | AG16: =COUNTIFS(d_Marca,$A16,d_Modelo,$B16,d_Subest,AG$7) -> 0 | AH16: =COUNTIFS(d_Marca,$A16,d_Modelo,$B16,d_Subest,AH$7) -> 0 | AI16: =COUNTIFS(d_Marca,$A16,d_Modelo,$B16,d_Subest,AI$7) -> 0 | AJ16: =COUNTIFS(d_Marca,$A16,d_Modelo,$B16,d_Subest,AJ$7) -> 0 | ... AL16: =COUNTIFS(d_Marca,$A16,d_Modelo,$B16,d_Subest,AL$7) -> 0 | AM16: =SUM(AC16:AL16) -> 0 | AN16: =COUNTIFS(d_Marca,$A16,d_Modelo,$B16,d_Subest,AN$7) -> 0 | AO16: =COUNTIFS(d_Marca,$A16,d_Modelo,$B16,d_Subest,AO$7) -> 0 | AP16: =COUNTIFS(d_Marca,$A16,d_Modelo,$B16,d_Subest,AP$7) -> 0 | AQ16: =COUNTIFS(d_Marca,$A16,d_Modelo,$B16,d_Subest,AQ$7) -> 0 | AR16: =COUNTIFS(d_Marca,$A16,d_Modelo,$B16,d_Subest,AR$7) -> 0 | AS16: =COUNTIFS(d_Marca,$A16,d_Modelo,$B16,d_Subest,AS$7) -> 0 | AT16: =COUNTIFS(d_Marca,$A16,d_Modelo,$B16,d_Subest,AT$7) -> 0 | AU16: =COUNTIFS(d_Marca,$A16,d_Modelo,$B16,d_Subest,AU$7) -> 0 | ... AW16: =COUNTIFS(d_Marca,$A16,d_Modelo,$B16,d_Subest,AW$7) -> 0 | AX16: =SUM(AN16:AW16) -> 0 | AY16: =COUNTIFS(d_Marca,$A16,d_Modelo,$B16,d_Subest,AY$7) -> 2 | AZ16: =E16+H16+K16+P16+V16+AB16+AM16+AX16+AY16 -> 33
A17: ABB | B17: RET615A_1G | C17: =COUNTIFS(d_Marca,$A17,d_Modelo,$B17,d_Subest,C$7) -> 0 | D17: =COUNTIFS(d_Marca,$A17,d_Modelo,$B17,d_Subest,D$7) -> 0 | E17: =SUM(C17:D17) -> 0 | F17: =COUNTIFS(d_Marca,$A17,d_Modelo,$B17,d_Subest,F$7) -> 0 | G17: =COUNTIFS(d_Marca,$A17,d_Modelo,$B17,d_Subest,G$7) -> 0 | H17: =SUM(F17:G17) -> 0 | I17: =COUNTIFS(d_Marca,$A17,d_Modelo,$B17,d_Subest,I$7) -> 0 | J17: =COUNTIFS(d_Marca,$A17,d_Modelo,$B17,d_Subest,J$7) -> 0 | K17: =SUM(I17:J17) -> 0 | L17: =COUNTIFS(d_Marca,$A17,d_Modelo,$B17,d_Subest,L$7) -> 0 | M17: =COUNTIFS(d_Marca,$A17,d_Modelo,$B17,d_Subest,M$7) -> 0 | N17: =COUNTIFS(d_Marca,$A17,d_Modelo,$B17,d_Subest,N$7) -> 0 | O17: =COUNTIFS(d_Marca,$A17,d_Modelo,$B17,d_Subest,O$7) -> 0 | P17: =SUM(L17:O17) -> 0 | Q17: =COUNTIFS(d_Marca,$A17,d_Modelo,$B17,d_Subest,Q$7) -> 0 | R17: =COUNTIFS(d_Marca,$A17,d_Modelo,$B17,d_Subest,R$7) -> 0 | S17: =COUNTIFS(d_Marca,$A17,d_Modelo,$B17,d_Subest,S$7) -> 0 | T17: =COUNTIFS(d_Marca,$A17,d_Modelo,$B17,d_Subest,T$7) -> 0 | U17: =COUNTIFS(d_Marca,$A17,d_Modelo,$B17,d_Subest,U$7) -> 0 | V17: =SUM(Q17:U17) -> 0 | W17: =COUNTIFS(d_Marca,$A17,d_Modelo,$B17,d_Subest,W$7) -> 2 | X17: =COUNTIFS(d_Marca,$A17,d_Modelo,$B17,d_Subest,X$7) -> 0 | Y17: =COUNTIFS(d_Marca,$A17,d_Modelo,$B17,d_Subest,Y$7) -> 0 | Z17: =COUNTIFS(d_Marca,$A17,d_Modelo,$B17,d_Subest,Z$7) -> 2 | AA17: =COUNTIFS(d_Marca,$A17,d_Modelo,$B17,d_Subest,AA$7) -> 2 | AB17: =SUM(W17:AA17) -> 6 | AC17: =COUNTIFS(d_Marca,$A17,d_Modelo,$B17,d_Subest,AC$7) -> 0 | AD17: =COUNTIFS(d_Marca,$A17,d_Modelo,$B17,d_Subest,AD$7) -> 0 | AE17: =COUNTIFS(d_Marca,$A17,d_Modelo,$B17,d_Subest,AE$7) -> 0 | AF17: =COUNTIFS(d_Marca,$A17,d_Modelo,$B17,d_Subest,AF$7) -> 0 | AG17: =COUNTIFS(d_Marca,$A17,d_Modelo,$B17,d_Subest,AG$7) -> 0 | AH17: =COUNTIFS(d_Marca,$A17,d_Modelo,$B17,d_Subest,AH$7) -> 0 | AI17: =COUNTIFS(d_Marca,$A17,d_Modelo,$B17,d_Subest,AI$7) -> 0 | AJ17: =COUNTIFS(d_Marca,$A17,d_Modelo,$B17,d_Subest,AJ$7) -> 0 | ... AL17: =COUNTIFS(d_Marca,$A17,d_Modelo,$B17,d_Subest,AL$7) -> 0 | AM17: =SUM(AC17:AL17) -> 0 | AN17: =COUNTIFS(d_Marca,$A17,d_Modelo,$B17,d_Subest,AN$7) -> 0 | AO17: =COUNTIFS(d_Marca,$A17,d_Modelo,$B17,d_Subest,AO$7) -> 2 | AP17: =COUNTIFS(d_Marca,$A17,d_Modelo,$B17,d_Subest,AP$7) -> 0 | AQ17: =COUNTIFS(d_Marca,$A17,d_Modelo,$B17,d_Subest,AQ$7) -> 0 | AR17: =COUNTIFS(d_Marca,$A17,d_Modelo,$B17,d_Subest,AR$7) -> 0 | AS17: =COUNTIFS(d_Marca,$A17,d_Modelo,$B17,d_Subest,AS$7) -> 2 | AT17: =COUNTIFS(d_Marca,$A17,d_Modelo,$B17,d_Subest,AT$7) -> 0 | AU17: =COUNTIFS(d_Marca,$A17,d_Modelo,$B17,d_Subest,AU$7) -> 0 | ... AW17: =COUNTIFS(d_Marca,$A17,d_Modelo,$B17,d_Subest,AW$7) -> 0 | AX17: =SUM(AN17:AW17) -> 23 | AY17: =COUNTIFS(d_Marca,$A17,d_Modelo,$B17,d_Subest,AY$7) -> 0 | AZ17: =E17+H17+K17+P17+V17+AB17+AM17+AX17+AY17 -> 29
A18: ABB | B18: REM | C18: =COUNTIFS(d_Marca,$A18,d_Modelo,$B18,d_Subest,C$7) -> 0 | D18: =COUNTIFS(d_Marca,$A18,d_Modelo,$B18,d_Subest,D$7) -> 0 | E18: =SUM(C18:D18) -> 0 | F18: =COUNTIFS(d_Marca,$A18,d_Modelo,$B18,d_Subest,F$7) -> 0 | G18: =COUNTIFS(d_Marca,$A18,d_Modelo,$B18,d_Subest,G$7) -> 0 | H18: =SUM(F18:G18) -> 0 | I18: =COUNTIFS(d_Marca,$A18,d_Modelo,$B18,d_Subest,I$7) -> 0 | J18: =COUNTIFS(d_Marca,$A18,d_Modelo,$B18,d_Subest,J$7) -> 0 | K18: =SUM(I18:J18) -> 0 | L18: =COUNTIFS(d_Marca,$A18,d_Modelo,$B18,d_Subest,L$7) -> 0 | M18: =COUNTIFS(d_Marca,$A18,d_Modelo,$B18,d_Subest,M$7) -> 0 | N18: =COUNTIFS(d_Marca,$A18,d_Modelo,$B18,d_Subest,N$7) -> 0 | O18: =COUNTIFS(d_Marca,$A18,d_Modelo,$B18,d_Subest,O$7) -> 0 | P18: =SUM(L18:O18) -> 0 | Q18: =COUNTIFS(d_Marca,$A18,d_Modelo,$B18,d_Subest,Q$7) -> 0 | R18: =COUNTIFS(d_Marca,$A18,d_Modelo,$B18,d_Subest,R$7) -> 0 | S18: =COUNTIFS(d_Marca,$A18,d_Modelo,$B18,d_Subest,S$7) -> 0 | T18: =COUNTIFS(d_Marca,$A18,d_Modelo,$B18,d_Subest,T$7) -> 0 | U18: =COUNTIFS(d_Marca,$A18,d_Modelo,$B18,d_Subest,U$7) -> 0 | V18: =SUM(Q18:U18) -> 0 | W18: =COUNTIFS(d_Marca,$A18,d_Modelo,$B18,d_Subest,W$7) -> 0 | X18: =COUNTIFS(d_Marca,$A18,d_Modelo,$B18,d_Subest,X$7) -> 0 | Y18: =COUNTIFS(d_Marca,$A18,d_Modelo,$B18,d_Subest,Y$7) -> 0 | Z18: =COUNTIFS(d_Marca,$A18,d_Modelo,$B18,d_Subest,Z$7) -> 0 | AA18: =COUNTIFS(d_Marca,$A18,d_Modelo,$B18,d_Subest,AA$7) -> 0 | AB18: =SUM(W18:AA18) -> 0 | AC18: =COUNTIFS(d_Marca,$A18,d_Modelo,$B18,d_Subest,AC$7) -> 0 | AD18: =COUNTIFS(d_Marca,$A18,d_Modelo,$B18,d_Subest,AD$7) -> 0 | AE18: =COUNTIFS(d_Marca,$A18,d_Modelo,$B18,d_Subest,AE$7) -> 0 | AF18: =COUNTIFS(d_Marca,$A18,d_Modelo,$B18,d_Subest,AF$7) -> 0 | AG18: =COUNTIFS(d_Marca,$A18,d_Modelo,$B18,d_Subest,AG$7) -> 0 | AH18: =COUNTIFS(d_Marca,$A18,d_Modelo,$B18,d_Subest,AH$7) -> 0 | AI18: =COUNTIFS(d_Marca,$A18,d_Modelo,$B18,d_Subest,AI$7) -> 0 | AJ18: =COUNTIFS(d_Marca,$A18,d_Modelo,$B18,d_Subest,AJ$7) -> 0 | ... AL18: =COUNTIFS(d_Marca,$A18,d_Modelo,$B18,d_Subest,AL$7) -> 0 | AM18: =SUM(AC18:AL18) -> 0 | AN18: =COUNTIFS(d_Marca,$A18,d_Modelo,$B18,d_Subest,AN$7) -> 0 | AO18: =COUNTIFS(d_Marca,$A18,d_Modelo,$B18,d_Subest,AO$7) -> 0 | AP18: =COUNTIFS(d_Marca,$A18,d_Modelo,$B18,d_Subest,AP$7) -> 0 | AQ18: =COUNTIFS(d_Marca,$A18,d_Modelo,$B18,d_Subest,AQ$7) -> 0 | AR18: =COUNTIFS(d_Marca,$A18,d_Modelo,$B18,d_Subest,AR$7) -> 0 | AS18: =COUNTIFS(d_Marca,$A18,d_Modelo,$B18,d_Subest,AS$7) -> 0 | AT18: =COUNTIFS(d_Marca,$A18,d_Modelo,$B18,d_Subest,AT$7) -> 0 | AU18: =COUNTIFS(d_Marca,$A18,d_Modelo,$B18,d_Subest,AU$7) -> 0 | ... AW18: =COUNTIFS(d_Marca,$A18,d_Modelo,$B18,d_Subest,AW$7) -> 0 | AX18: =SUM(AN18:AW18) -> 0 | AY18: =COUNTIFS(d_Marca,$A18,d_Modelo,$B18,d_Subest,AY$7) -> 24 | AZ18: =E18+H18+K18+P18+V18+AB18+AM18+AX18+AY18 -> 24
A19: ABB | B19: REF615_1G | C19: =COUNTIFS(d_Marca,$A19,d_Modelo,$B19,d_Subest,C$7) -> 0 | D19: =COUNTIFS(d_Marca,$A19,d_Modelo,$B19,d_Subest,D$7) -> 0 | E19: =SUM(C19:D19) -> 0 | F19: =COUNTIFS(d_Marca,$A19,d_Modelo,$B19,d_Subest,F$7) -> 0 | G19: =COUNTIFS(d_Marca,$A19,d_Modelo,$B19,d_Subest,G$7) -> 0 | H19: =SUM(F19:G19) -> 0 | I19: =COUNTIFS(d_Marca,$A19,d_Modelo,$B19,d_Subest,I$7) -> 0 | J19: =COUNTIFS(d_Marca,$A19,d_Modelo,$B19,d_Subest,J$7) -> 0 | K19: =SUM(I19:J19) -> 0 | L19: =COUNTIFS(d_Marca,$A19,d_Modelo,$B19,d_Subest,L$7) -> 0 | M19: =COUNTIFS(d_Marca,$A19,d_Modelo,$B19,d_Subest,M$7) -> 0 | N19: =COUNTIFS(d_Marca,$A19,d_Modelo,$B19,d_Subest,N$7) -> 0 | O19: =COUNTIFS(d_Marca,$A19,d_Modelo,$B19,d_Subest,O$7) -> 0 | P19: =SUM(L19:O19) -> 0 | Q19: =COUNTIFS(d_Marca,$A19,d_Modelo,$B19,d_Subest,Q$7) -> 0 | R19: =COUNTIFS(d_Marca,$A19,d_Modelo,$B19,d_Subest,R$7) -> 0 | S19: =COUNTIFS(d_Marca,$A19,d_Modelo,$B19,d_Subest,S$7) -> 0 | T19: =COUNTIFS(d_Marca,$A19,d_Modelo,$B19,d_Subest,T$7) -> 0 | U19: =COUNTIFS(d_Marca,$A19,d_Modelo,$B19,d_Subest,U$7) -> 0 | V19: =SUM(Q19:U19) -> 0 | W19: =COUNTIFS(d_Marca,$A19,d_Modelo,$B19,d_Subest,W$7) -> 0 | X19: =COUNTIFS(d_Marca,$A19,d_Modelo,$B19,d_Subest,X$7) -> 0 | Y19: =COUNTIFS(d_Marca,$A19,d_Modelo,$B19,d_Subest,Y$7) -> 18 | Z19: =COUNTIFS(d_Marca,$A19,d_Modelo,$B19,d_Subest,Z$7) -> 0 | AA19: =COUNTIFS(d_Marca,$A19,d_Modelo,$B19,d_Subest,AA$7) -> 0 | AB19: =SUM(W19:AA19) -> 18 | AC19: =COUNTIFS(d_Marca,$A19,d_Modelo,$B19,d_Subest,AC$7) -> 0 | AD19: =COUNTIFS(d_Marca,$A19,d_Modelo,$B19,d_Subest,AD$7) -> 0 | AE19: =COUNTIFS(d_Marca,$A19,d_Modelo,$B19,d_Subest,AE$7) -> 0 | AF19: =COUNTIFS(d_Marca,$A19,d_Modelo,$B19,d_Subest,AF$7) -> 0 | AG19: =COUNTIFS(d_Marca,$A19,d_Modelo,$B19,d_Subest,AG$7) -> 0 | AH19: =COUNTIFS(d_Marca,$A19,d_Modelo,$B19,d_Subest,AH$7) -> 0 | AI19: =COUNTIFS(d_Marca,$A19,d_Modelo,$B19,d_Subest,AI$7) -> 0 | AJ19: =COUNTIFS(d_Marca,$A19,d_Modelo,$B19,d_Subest,AJ$7) -> 0 | ... AL19: =COUNTIFS(d_Marca,$A19,d_Modelo,$B19,d_Subest,AL$7) -> 0 | AM19: =SUM(AC19:AL19) -> 0 | AN19: =COUNTIFS(d_Marca,$A19,d_Modelo,$B19,d_Subest,AN$7) -> 0 | AO19: =COUNTIFS(d_Marca,$A19,d_Modelo,$B19,d_Subest,AO$7) -> 0 | AP19: =COUNTIFS(d_Marca,$A19,d_Modelo,$B19,d_Subest,AP$7) -> 0 | AQ19: =COUNTIFS(d_Marca,$A19,d_Modelo,$B19,d_Subest,AQ$7) -> 0 | AR19: =COUNTIFS(d_Marca,$A19,d_Modelo,$B19,d_Subest,AR$7) -> 0 | AS19: =COUNTIFS(d_Marca,$A19,d_Modelo,$B19,d_Subest,AS$7) -> 0 | AT19: =COUNTIFS(d_Marca,$A19,d_Modelo,$B19,d_Subest,AT$7) -> 0 | AU19: =COUNTIFS(d_Marca,$A19,d_Modelo,$B19,d_Subest,AU$7) -> 0 | ... AW19: =COUNTIFS(d_Marca,$A19,d_Modelo,$B19,d_Subest,AW$7) -> 0 | AX19: =SUM(AN19:AW19) -> 0 | AY19: =COUNTIFS(d_Marca,$A19,d_Modelo,$B19,d_Subest,AY$7) -> 0 | AZ19: =E19+H19+K19+P19+V19+AB19+AM19+AX19+AY19 -> 18
A20: ABB | B20: 1ATBBABBNEC5BNN11G | C20: =COUNTIFS(d_Marca,$A20,d_Modelo,$B20,d_Subest,C$7) -> 3 | D20: =COUNTIFS(d_Marca,$A20,d_Modelo,$B20,d_Subest,D$7) -> 2 | E20: =SUM(C20:D20) -> 5 | F20: =COUNTIFS(d_Marca,$A20,d_Modelo,$B20,d_Subest,F$7) -> 2 | G20: =COUNTIFS(d_Marca,$A20,d_Modelo,$B20,d_Subest,G$7) -> 2 | H20: =SUM(F20:G20) -> 4 | I20: =COUNTIFS(d_Marca,$A20,d_Modelo,$B20,d_Subest,I$7) -> 0 | J20: =COUNTIFS(d_Marca,$A20,d_Modelo,$B20,d_Subest,J$7) -> 0 | K20: =SUM(I20:J20) -> 0 | L20: =COUNTIFS(d_Marca,$A20,d_Modelo,$B20,d_Subest,L$7) -> 0 | M20: =COUNTIFS(d_Marca,$A20,d_Modelo,$B20,d_Subest,M$7) -> 0 | N20: =COUNTIFS(d_Marca,$A20,d_Modelo,$B20,d_Subest,N$7) -> 0 | O20: =COUNTIFS(d_Marca,$A20,d_Modelo,$B20,d_Subest,O$7) -> 0 | P20: =SUM(L20:O20) -> 0 | Q20: =COUNTIFS(d_Marca,$A20,d_Modelo,$B20,d_Subest,Q$7) -> 0 | R20: =COUNTIFS(d_Marca,$A20,d_Modelo,$B20,d_Subest,R$7) -> 0 | S20: =COUNTIFS(d_Marca,$A20,d_Modelo,$B20,d_Subest,S$7) -> 0 | T20: =COUNTIFS(d_Marca,$A20,d_Modelo,$B20,d_Subest,T$7) -> 0 | U20: =COUNTIFS(d_Marca,$A20,d_Modelo,$B20,d_Subest,U$7) -> 0 | V20: =SUM(Q20:U20) -> 0 | W20: =COUNTIFS(d_Marca,$A20,d_Modelo,$B20,d_Subest,W$7) -> 0 | X20: =COUNTIFS(d_Marca,$A20,d_Modelo,$B20,d_Subest,X$7) -> 0 | Y20: =COUNTIFS(d_Marca,$A20,d_Modelo,$B20,d_Subest,Y$7) -> 0 | Z20: =COUNTIFS(d_Marca,$A20,d_Modelo,$B20,d_Subest,Z$7) -> 0 | AA20: =COUNTIFS(d_Marca,$A20,d_Modelo,$B20,d_Subest,AA$7) -> 0 | AB20: =SUM(W20:AA20) -> 0 | AC20: =COUNTIFS(d_Marca,$A20,d_Modelo,$B20,d_Subest,AC$7) -> 0 | AD20: =COUNTIFS(d_Marca,$A20,d_Modelo,$B20,d_Subest,AD$7) -> 0 | AE20: =COUNTIFS(d_Marca,$A20,d_Modelo,$B20,d_Subest,AE$7) -> 0 | AF20: =COUNTIFS(d_Marca,$A20,d_Modelo,$B20,d_Subest,AF$7) -> 0 | AG20: =COUNTIFS(d_Marca,$A20,d_Modelo,$B20,d_Subest,AG$7) -> 0 | AH20: =COUNTIFS(d_Marca,$A20,d_Modelo,$B20,d_Subest,AH$7) -> 0 | AI20: =COUNTIFS(d_Marca,$A20,d_Modelo,$B20,d_Subest,AI$7) -> 0 | AJ20: =COUNTIFS(d_Marca,$A20,d_Modelo,$B20,d_Subest,AJ$7) -> 0 | ... AL20: =COUNTIFS(d_Marca,$A20,d_Modelo,$B20,d_Subest,AL$7) -> 0 | AM20: =SUM(AC20:AL20) -> 0 | AN20: =COUNTIFS(d_Marca,$A20,d_Modelo,$B20,d_Subest,AN$7) -> 0 | AO20: =COUNTIFS(d_Marca,$A20,d_Modelo,$B20,d_Subest,AO$7) -> 0 | AP20: =COUNTIFS(d_Marca,$A20,d_Modelo,$B20,d_Subest,AP$7) -> 0 | AQ20: =COUNTIFS(d_Marca,$A20,d_Modelo,$B20,d_Subest,AQ$7) -> 0 | AR20: =COUNTIFS(d_Marca,$A20,d_Modelo,$B20,d_Subest,AR$7) -> 0 | AS20: =COUNTIFS(d_Marca,$A20,d_Modelo,$B20,d_Subest,AS$7) -> 0 | AT20: =COUNTIFS(d_Marca,$A20,d_Modelo,$B20,d_Subest,AT$7) -> 0 | AU20: =COUNTIFS(d_Marca,$A20,d_Modelo,$B20,d_Subest,AU$7) -> 0 | ... AW20: =COUNTIFS(d_Marca,$A20,d_Modelo,$B20,d_Subest,AW$7) -> 0 | AX20: =SUM(AN20:AW20) -> 0 | AY20: =COUNTIFS(d_Marca,$A20,d_Modelo,$B20,d_Subest,AY$7) -> 7 | AZ20: =E20+H20+K20+P20+V20+AB20+AM20+AX20+AY20 -> 16
A21: ABB | B21: REA | C21: =COUNTIFS(d_Marca,$A21,d_Modelo,$B21,d_Subest,C$7) -> 0 | D21: =COUNTIFS(d_Marca,$A21,d_Modelo,$B21,d_Subest,D$7) -> 0 | E21: =SUM(C21:D21) -> 0 | F21: =COUNTIFS(d_Marca,$A21,d_Modelo,$B21,d_Subest,F$7) -> 0 | G21: =COUNTIFS(d_Marca,$A21,d_Modelo,$B21,d_Subest,G$7) -> 0 | H21: =SUM(F21:G21) -> 0 | I21: =COUNTIFS(d_Marca,$A21,d_Modelo,$B21,d_Subest,I$7) -> 0 | J21: =COUNTIFS(d_Marca,$A21,d_Modelo,$B21,d_Subest,J$7) -> 6 | K21: =SUM(I21:J21) -> 6 | L21: =COUNTIFS(d_Marca,$A21,d_Modelo,$B21,d_Subest,L$7) -> 5 | M21: =COUNTIFS(d_Marca,$A21,d_Modelo,$B21,d_Subest,M$7) -> 0 | N21: =COUNTIFS(d_Marca,$A21,d_Modelo,$B21,d_Subest,N$7) -> 0 | O21: =COUNTIFS(d_Marca,$A21,d_Modelo,$B21,d_Subest,O$7) -> 0 | P21: =SUM(L21:O21) -> 5 | Q21: =COUNTIFS(d_Marca,$A21,d_Modelo,$B21,d_Subest,Q$7) -> 0 | R21: =COUNTIFS(d_Marca,$A21,d_Modelo,$B21,d_Subest,R$7) -> 0 | S21: =COUNTIFS(d_Marca,$A21,d_Modelo,$B21,d_Subest,S$7) -> 0 | T21: =COUNTIFS(d_Marca,$A21,d_Modelo,$B21,d_Subest,T$7) -> 5 | U21: =COUNTIFS(d_Marca,$A21,d_Modelo,$B21,d_Subest,U$7) -> 0 | V21: =SUM(Q21:U21) -> 5 | W21: =COUNTIFS(d_Marca,$A21,d_Modelo,$B21,d_Subest,W$7) -> 0 | X21: =COUNTIFS(d_Marca,$A21,d_Modelo,$B21,d_Subest,X$7) -> 0 | Y21: =COUNTIFS(d_Marca,$A21,d_Modelo,$B21,d_Subest,Y$7) -> 0 | Z21: =COUNTIFS(d_Marca,$A21,d_Modelo,$B21,d_Subest,Z$7) -> 0 | AA21: =COUNTIFS(d_Marca,$A21,d_Modelo,$B21,d_Subest,AA$7) -> 0 | AB21: =SUM(W21:AA21) -> 0 | AC21: =COUNTIFS(d_Marca,$A21,d_Modelo,$B21,d_Subest,AC$7) -> 0 | AD21: =COUNTIFS(d_Marca,$A21,d_Modelo,$B21,d_Subest,AD$7) -> 0 | AE21: =COUNTIFS(d_Marca,$A21,d_Modelo,$B21,d_Subest,AE$7) -> 0 | AF21: =COUNTIFS(d_Marca,$A21,d_Modelo,$B21,d_Subest,AF$7) -> 0 | AG21: =COUNTIFS(d_Marca,$A21,d_Modelo,$B21,d_Subest,AG$7) -> 0 | AH21: =COUNTIFS(d_Marca,$A21,d_Modelo,$B21,d_Subest,AH$7) -> 0 | AI21: =COUNTIFS(d_Marca,$A21,d_Modelo,$B21,d_Subest,AI$7) -> 0 | AJ21: =COUNTIFS(d_Marca,$A21,d_Modelo,$B21,d_Subest,AJ$7) -> 0 | ... AL21: =COUNTIFS(d_Marca,$A21,d_Modelo,$B21,d_Subest,AL$7) -> 0 | AM21: =SUM(AC21:AL21) -> 0 | AN21: =COUNTIFS(d_Marca,$A21,d_Modelo,$B21,d_Subest,AN$7) -> 0 | AO21: =COUNTIFS(d_Marca,$A21,d_Modelo,$B21,d_Subest,AO$7) -> 0 | AP21: =COUNTIFS(d_Marca,$A21,d_Modelo,$B21,d_Subest,AP$7) -> 0 | AQ21: =COUNTIFS(d_Marca,$A21,d_Modelo,$B21,d_Subest,AQ$7) -> 0 | AR21: =COUNTIFS(d_Marca,$A21,d_Modelo,$B21,d_Subest,AR$7) -> 0 | AS21: =COUNTIFS(d_Marca,$A21,d_Modelo,$B21,d_Subest,AS$7) -> 0 | AT21: =COUNTIFS(d_Marca,$A21,d_Modelo,$B21,d_Subest,AT$7) -> 0 | AU21: =COUNTIFS(d_Marca,$A21,d_Modelo,$B21,d_Subest,AU$7) -> 0 | ... AW21: =COUNTIFS(d_Marca,$A21,d_Modelo,$B21,d_Subest,AW$7) -> 0 | AX21: =SUM(AN21:AW21) -> 0 | AY21: =COUNTIFS(d_Marca,$A21,d_Modelo,$B21,d_Subest,AY$7) -> 0 | AZ21: =E21+H21+K21+P21+V21+AB21+AM21+AX21+AY21 -> 16
... A28: ABB | B28: REM620A_F | C28: =COUNTIFS(d_Marca,$A28,d_Modelo,$B28,d_Subest,C$7) -> 0 | D28: =COUNTIFS(d_Marca,$A28,d_Modelo,$B28,d_Subest,D$7) -> 0 | E28: =SUM(C28:D28) -> 0 | F28: =COUNTIFS(d_Marca,$A28,d_Modelo,$B28,d_Subest,F$7) -> 0 | G28: =COUNTIFS(d_Marca,$A28,d_Modelo,$B28,d_Subest,G$7) -> 0 | H28: =SUM(F28:G28) -> 0 | I28: =COUNTIFS(d_Marca,$A28,d_Modelo,$B28,d_Subest,I$7) -> 0 | J28: =COUNTIFS(d_Marca,$A28,d_Modelo,$B28,d_Subest,J$7) -> 0 | K28: =SUM(I28:J28) -> 0 | L28: =COUNTIFS(d_Marca,$A28,d_Modelo,$B28,d_Subest,L$7) -> 0 | M28: =COUNTIFS(d_Marca,$A28,d_Modelo,$B28,d_Subest,M$7) -> 0 | N28: =COUNTIFS(d_Marca,$A28,d_Modelo,$B28,d_Subest,N$7) -> 0 | O28: =COUNTIFS(d_Marca,$A28,d_Modelo,$B28,d_Subest,O$7) -> 0 | P28: =SUM(L28:O28) -> 0 | Q28: =COUNTIFS(d_Marca,$A28,d_Modelo,$B28,d_Subest,Q$7) -> 0 | R28: =COUNTIFS(d_Marca,$A28,d_Modelo,$B28,d_Subest,R$7) -> 0 | S28: =COUNTIFS(d_Marca,$A28,d_Modelo,$B28,d_Subest,S$7) -> 0 | T28: =COUNTIFS(d_Marca,$A28,d_Modelo,$B28,d_Subest,T$7) -> 0 | U28: =COUNTIFS(d_Marca,$A28,d_Modelo,$B28,d_Subest,U$7) -> 0 | V28: =SUM(Q28:U28) -> 0 | W28: =COUNTIFS(d_Marca,$A28,d_Modelo,$B28,d_Subest,W$7) -> 0 | X28: =COUNTIFS(d_Marca,$A28,d_Modelo,$B28,d_Subest,X$7) -> 0 | Y28: =COUNTIFS(d_Marca,$A28,d_Modelo,$B28,d_Subest,Y$7) -> 0 | Z28: =COUNTIFS(d_Marca,$A28,d_Modelo,$B28,d_Subest,Z$7) -> 0 | AA28: =COUNTIFS(d_Marca,$A28,d_Modelo,$B28,d_Subest,AA$7) -> 0 | AB28: =SUM(W28:AA28) -> 0 | AC28: =COUNTIFS(d_Marca,$A28,d_Modelo,$B28,d_Subest,AC$7) -> 0 | AD28: =COUNTIFS(d_Marca,$A28,d_Modelo,$B28,d_Subest,AD$7) -> 0 | AE28: =COUNTIFS(d_Marca,$A28,d_Modelo,$B28,d_Subest,AE$7) -> 0 | AF28: =COUNTIFS(d_Marca,$A28,d_Modelo,$B28,d_Subest,AF$7) -> 0 | AG28: =COUNTIFS(d_Marca,$A28,d_Modelo,$B28,d_Subest,AG$7) -> 0 | AH28: =COUNTIFS(d_Marca,$A28,d_Modelo,$B28,d_Subest,AH$7) -> 0 | AI28: =COUNTIFS(d_Marca,$A28,d_Modelo,$B28,d_Subest,AI$7) -> 0 | AJ28: =COUNTIFS(d_Marca,$A28,d_Modelo,$B28,d_Subest,AJ$7) -> 0 | ... AL28: =COUNTIFS(d_Marca,$A28,d_Modelo,$B28,d_Subest,AL$7) -> 0 | AM28: =SUM(AC28:AL28) -> 0 | AN28: =COUNTIFS(d_Marca,$A28,d_Modelo,$B28,d_Subest,AN$7) -> 0 | AO28: =COUNTIFS(d_Marca,$A28,d_Modelo,$B28,d_Subest,AO$7) -> 0 | AP28: =COUNTIFS(d_Marca,$A28,d_Modelo,$B28,d_Subest,AP$7) -> 0 | AQ28: =COUNTIFS(d_Marca,$A28,d_Modelo,$B28,d_Subest,AQ$7) -> 0 | AR28: =COUNTIFS(d_Marca,$A28,d_Modelo,$B28,d_Subest,AR$7) -> 0 | AS28: =COUNTIFS(d_Marca,$A28,d_Modelo,$B28,d_Subest,AS$7) -> 0 | AT28: =COUNTIFS(d_Marca,$A28,d_Modelo,$B28,d_Subest,AT$7) -> 0 | AU28: =COUNTIFS(d_Marca,$A28,d_Modelo,$B28,d_Subest,AU$7) -> 0 | ... AW28: =COUNTIFS(d_Marca,$A28,d_Modelo,$B28,d_Subest,AW$7) -> 0 | AX28: =SUM(AN28:AW28) -> 0 | AY28: =COUNTIFS(d_Marca,$A28,d_Modelo,$B28,d_Subest,AY$7) -> 5 | AZ28: =E28+H28+K28+P28+V28+AB28+AM28+AX28+AY28 -> 5
A29: SEL | B29: Total SEL | C29: =COUNTIFS(d_Marca,$A29,d_Subest,C$7) -> 7 | D29: =COUNTIFS(d_Marca,$A29,d_Subest,D$7) -> 3 | E29: =SUM(C29:D29) -> 10 | F29: =COUNTIFS(d_Marca,$A29,d_Subest,F$7) -> 4 | G29: =COUNTIFS(d_Marca,$A29,d_Subest,G$7) -> 12 | H29: =SUM(F29:G29) -> 16 | I29: =COUNTIFS(d_Marca,$A29,d_Subest,I$7) -> 16 | J29: =COUNTIFS(d_Marca,$A29,d_Subest,J$7) -> 10 | K29: =SUM(I29:J29) -> 26 | L29: =COUNTIFS(d_Marca,$A29,d_Subest,L$7) -> 14 | M29: =COUNTIFS(d_Marca,$A29,d_Subest,M$7) -> 12 | N29: =COUNTIFS(d_Marca,$A29,d_Subest,N$7) -> 12 | O29: =COUNTIFS(d_Marca,$A29,d_Subest,O$7) -> 12 | P29: =SUM(L29:O29) -> 50 | Q29: =COUNTIFS(d_Marca,$A29,d_Subest,Q$7) -> 12 | R29: =COUNTIFS(d_Marca,$A29,d_Subest,R$7) -> 12 | S29: =COUNTIFS(d_Marca,$A29,d_Subest,S$7) -> 2 | T29: =COUNTIFS(d_Marca,$A29,d_Subest,T$7) -> 9 | U29: =COUNTIFS(d_Marca,$A29,d_Subest,U$7) -> 16 | V29: =SUM(Q29:U29) -> 51 | W29: =COUNTIFS(d_Marca,$A29,d_Subest,W$7) -> 10 | X29: =COUNTIFS(d_Marca,$A29,d_Subest,X$7) -> 12 | Y29: =COUNTIFS(d_Marca,$A29,d_Subest,Y$7) -> 11 | Z29: =COUNTIFS(d_Marca,$A29,d_Subest,Z$7) -> 6 | AA29: =COUNTIFS(d_Marca,$A29,d_Subest,AA$7) -> 6 | AB29: =SUM(W29:AA29) -> 45 | AC29: =COUNTIFS(d_Marca,$A29,d_Subest,AC$7) -> 2 | AD29: =COUNTIFS(d_Marca,$A29,d_Subest,AD$7) -> 2 | AE29: =COUNTIFS(d_Marca,$A29,d_Subest,AE$7) -> 0 | AF29: =COUNTIFS(d_Marca,$A29,d_Subest,AF$7) -> 2 | AG29: =COUNTIFS(d_Marca,$A29,d_Subest,AG$7) -> 0 | AH29: =COUNTIFS(d_Marca,$A29,d_Subest,AH$7) -> 0 | AI29: =COUNTIFS(d_Marca,$A29,d_Subest,AI$7) -> 0 | AJ29: =COUNTIFS(d_Marca,$A29,d_Subest,AJ$7) -> 0 | ... AL29: =COUNTIFS(d_Marca,$A29,d_Subest,AL$7) -> 0 | AM29: =SUM(AC29:AL29) -> 6 | AN29: =COUNTIFS(d_Marca,$A29,d_Subest,AN$7) -> 14 | AO29: =COUNTIFS(d_Marca,$A29,d_Subest,AO$7) -> 8 | AP29: =COUNTIFS(d_Marca,$A29,d_Subest,AP$7) -> 0 | AQ29: =COUNTIFS(d_Marca,$A29,d_Subest,AQ$7) -> 0 | AR29: =COUNTIFS(d_Marca,$A29,d_Subest,AR$7) -> 0 | AS29: =COUNTIFS(d_Marca,$A29,d_Subest,AS$7) -> 8 | AT29: =COUNTIFS(d_Marca,$A29,d_Subest,AT$7) -> 0 | AU29: =COUNTIFS(d_Marca,$A29,d_Subest,AU$7) -> 0 | ... AW29: =COUNTIFS(d_Marca,$A29,d_Subest,AW$7) -> 50 | AX29: =SUM(AN29:AW29) -> 118 | AY29: =COUNTIFS(d_Marca,$A29,d_Subest,AY$7) -> 23 | AZ29: =E29+H29+K29+P29+V29+AB29+AM29+AX29+AY29 -> 345
A30: SEL | B30: SEL-735 | C30: =COUNTIFS(d_Marca,$A30,d_Modelo,$B30,d_Subest,C$7) -> 5 | D30: =COUNTIFS(d_Marca,$A30,d_Modelo,$B30,d_Subest,D$7) -> 3 | E30: =SUM(C30:D30) -> 8 | F30: =COUNTIFS(d_Marca,$A30,d_Modelo,$B30,d_Subest,F$7) -> 0 | G30: =COUNTIFS(d_Marca,$A30,d_Modelo,$B30,d_Subest,G$7) -> 0 | H30: =SUM(F30:G30) -> 0 | I30: =COUNTIFS(d_Marca,$A30,d_Modelo,$B30,d_Subest,I$7) -> 0 | J30: =COUNTIFS(d_Marca,$A30,d_Modelo,$B30,d_Subest,J$7) -> 0 | K30: =SUM(I30:J30) -> 0 | L30: =COUNTIFS(d_Marca,$A30,d_Modelo,$B30,d_Subest,L$7) -> 0 | M30: =COUNTIFS(d_Marca,$A30,d_Modelo,$B30,d_Subest,M$7) -> 0 | N30: =COUNTIFS(d_Marca,$A30,d_Modelo,$B30,d_Subest,N$7) -> 0 | O30: =COUNTIFS(d_Marca,$A30,d_Modelo,$B30,d_Subest,O$7) -> 0 | P30: =SUM(L30:O30) -> 0 | Q30: =COUNTIFS(d_Marca,$A30,d_Modelo,$B30,d_Subest,Q$7) -> 0 | R30: =COUNTIFS(d_Marca,$A30,d_Modelo,$B30,d_Subest,R$7) -> 0 | S30: =COUNTIFS(d_Marca,$A30,d_Modelo,$B30,d_Subest,S$7) -> 0 | T30: =COUNTIFS(d_Marca,$A30,d_Modelo,$B30,d_Subest,T$7) -> 0 | U30: =COUNTIFS(d_Marca,$A30,d_Modelo,$B30,d_Subest,U$7) -> 0 | V30: =SUM(Q30:U30) -> 0 | W30: =COUNTIFS(d_Marca,$A30,d_Modelo,$B30,d_Subest,W$7) -> 10 | X30: =COUNTIFS(d_Marca,$A30,d_Modelo,$B30,d_Subest,X$7) -> 12 | Y30: =COUNTIFS(d_Marca,$A30,d_Modelo,$B30,d_Subest,Y$7) -> 11 | Z30: =COUNTIFS(d_Marca,$A30,d_Modelo,$B30,d_Subest,Z$7) -> 6 | AA30: =COUNTIFS(d_Marca,$A30,d_Modelo,$B30,d_Subest,AA$7) -> 6 | AB30: =SUM(W30:AA30) -> 45 | AC30: =COUNTIFS(d_Marca,$A30,d_Modelo,$B30,d_Subest,AC$7) -> 0 | AD30: =COUNTIFS(d_Marca,$A30,d_Modelo,$B30,d_Subest,AD$7) -> 0 | AE30: =COUNTIFS(d_Marca,$A30,d_Modelo,$B30,d_Subest,AE$7) -> 0 | AF30: =COUNTIFS(d_Marca,$A30,d_Modelo,$B30,d_Subest,AF$7) -> 0 | AG30: =COUNTIFS(d_Marca,$A30,d_Modelo,$B30,d_Subest,AG$7) -> 0 | AH30: =COUNTIFS(d_Marca,$A30,d_Modelo,$B30,d_Subest,AH$7) -> 0 | AI30: =COUNTIFS(d_Marca,$A30,d_Modelo,$B30,d_Subest,AI$7) -> 0 | AJ30: =COUNTIFS(d_Marca,$A30,d_Modelo,$B30,d_Subest,AJ$7) -> 0 | ... AL30: =COUNTIFS(d_Marca,$A30,d_Modelo,$B30,d_Subest,AL$7) -> 0 | AM30: =SUM(AC30:AL30) -> 0 | AN30: =COUNTIFS(d_Marca,$A30,d_Modelo,$B30,d_Subest,AN$7) -> 2 | AO30: =COUNTIFS(d_Marca,$A30,d_Modelo,$B30,d_Subest,AO$7) -> 8 | AP30: =COUNTIFS(d_Marca,$A30,d_Modelo,$B30,d_Subest,AP$7) -> 0 | AQ30: =COUNTIFS(d_Marca,$A30,d_Modelo,$B30,d_Subest,AQ$7) -> 0 | AR30: =COUNTIFS(d_Marca,$A30,d_Modelo,$B30,d_Subest,AR$7) -> 0 | AS30: =COUNTIFS(d_Marca,$A30,d_Modelo,$B30,d_Subest,AS$7) -> 8 | AT30: =COUNTIFS(d_Marca,$A30,d_Modelo,$B30,d_Subest,AT$7) -> 0 | AU30: =COUNTIFS(d_Marca,$A30,d_Modelo,$B30,d_Subest,AU$7) -> 0 | ... AW30: =COUNTIFS(d_Marca,$A30,d_Modelo,$B30,d_Subest,AW$7) -> 48 | AX30: =SUM(AN30:AW30) -> 102 | AY30: =COUNTIFS(d_Marca,$A30,d_Modelo,$B30,d_Subest,AY$7) -> 19 | AZ30: =E30+H30+K30+P30+V30+AB30+AM30+AX30+AY30 -> 174
A31: SEL | B31: SEL | C31: =COUNTIFS(d_Marca,$A31,d_Modelo,$B31,d_Subest,C$7) -> 0 | D31: =COUNTIFS(d_Marca,$A31,d_Modelo,$B31,d_Subest,D$7) -> 0 | E31: =SUM(C31:D31) -> 0 | F31: =COUNTIFS(d_Marca,$A31,d_Modelo,$B31,d_Subest,F$7) -> 0 | G31: =COUNTIFS(d_Marca,$A31,d_Modelo,$B31,d_Subest,G$7) -> 0 | H31: =SUM(F31:G31) -> 0 | I31: =COUNTIFS(d_Marca,$A31,d_Modelo,$B31,d_Subest,I$7) -> 16 | J31: =COUNTIFS(d_Marca,$A31,d_Modelo,$B31,d_Subest,J$7) -> 10 | K31: =SUM(I31:J31) -> 26 | L31: =COUNTIFS(d_Marca,$A31,d_Modelo,$B31,d_Subest,L$7) -> 14 | M31: =COUNTIFS(d_Marca,$A31,d_Modelo,$B31,d_Subest,M$7) -> 12 | N31: =COUNTIFS(d_Marca,$A31,d_Modelo,$B31,d_Subest,N$7) -> 12 | O31: =COUNTIFS(d_Marca,$A31,d_Modelo,$B31,d_Subest,O$7) -> 12 | P31: =SUM(L31:O31) -> 50 | Q31: =COUNTIFS(d_Marca,$A31,d_Modelo,$B31,d_Subest,Q$7) -> 12 | R31: =COUNTIFS(d_Marca,$A31,d_Modelo,$B31,d_Subest,R$7) -> 12 | S31: =COUNTIFS(d_Marca,$A31,d_Modelo,$B31,d_Subest,S$7) -> 2 | T31: =COUNTIFS(d_Marca,$A31,d_Modelo,$B31,d_Subest,T$7) -> 9 | U31: =COUNTIFS(d_Marca,$A31,d_Modelo,$B31,d_Subest,U$7) -> 16 | V31: =SUM(Q31:U31) -> 51 | W31: =COUNTIFS(d_Marca,$A31,d_Modelo,$B31,d_Subest,W$7) -> 0 | X31: =COUNTIFS(d_Marca,$A31,d_Modelo,$B31,d_Subest,X$7) -> 0 | Y31: =COUNTIFS(d_Marca,$A31,d_Modelo,$B31,d_Subest,Y$7) -> 0 | Z31: =COUNTIFS(d_Marca,$A31,d_Modelo,$B31,d_Subest,Z$7) -> 0 | AA31: =COUNTIFS(d_Marca,$A31,d_Modelo,$B31,d_Subest,AA$7) -> 0 | AB31: =SUM(W31:AA31) -> 0 | AC31: =COUNTIFS(d_Marca,$A31,d_Modelo,$B31,d_Subest,AC$7) -> 2 | AD31: =COUNTIFS(d_Marca,$A31,d_Modelo,$B31,d_Subest,AD$7) -> 2 | AE31: =COUNTIFS(d_Marca,$A31,d_Modelo,$B31,d_Subest,AE$7) -> 0 | AF31: =COUNTIFS(d_Marca,$A31,d_Modelo,$B31,d_Subest,AF$7) -> 2 | AG31: =COUNTIFS(d_Marca,$A31,d_Modelo,$B31,d_Subest,AG$7) -> 0 | AH31: =COUNTIFS(d_Marca,$A31,d_Modelo,$B31,d_Subest,AH$7) -> 0 | AI31: =COUNTIFS(d_Marca,$A31,d_Modelo,$B31,d_Subest,AI$7) -> 0 | AJ31: =COUNTIFS(d_Marca,$A31,d_Modelo,$B31,d_Subest,AJ$7) -> 0 | ... AL31: =COUNTIFS(d_Marca,$A31,d_Modelo,$B31,d_Subest,AL$7) -> 0 | AM31: =SUM(AC31:AL31) -> 6 | AN31: =COUNTIFS(d_Marca,$A31,d_Modelo,$B31,d_Subest,AN$7) -> 0 | AO31: =COUNTIFS(d_Marca,$A31,d_Modelo,$B31,d_Subest,AO$7) -> 0 | AP31: =COUNTIFS(d_Marca,$A31,d_Modelo,$B31,d_Subest,AP$7) -> 0 | AQ31: =COUNTIFS(d_Marca,$A31,d_Modelo,$B31,d_Subest,AQ$7) -> 0 | AR31: =COUNTIFS(d_Marca,$A31,d_Modelo,$B31,d_Subest,AR$7) -> 0 | AS31: =COUNTIFS(d_Marca,$A31,d_Modelo,$B31,d_Subest,AS$7) -> 0 | AT31: =COUNTIFS(d_Marca,$A31,d_Modelo,$B31,d_Subest,AT$7) -> 0 | AU31: =COUNTIFS(d_Marca,$A31,d_Modelo,$B31,d_Subest,AU$7) -> 0 | ... AW31: =COUNTIFS(d_Marca,$A31,d_Modelo,$B31,d_Subest,AW$7) -> 0 | AX31: =SUM(AN31:AW31) -> 0 | AY31: =COUNTIFS(d_Marca,$A31,d_Modelo,$B31,d_Subest,AY$7) -> 0 | AZ31: =E31+H31+K31+P31+V31+AB31+AM31+AX31+AY31 -> 133
A32: SEL | B32: MEDICION | C32: =COUNTIFS(d_Marca,$A32,d_Modelo,$B32,d_Subest,C$7) -> 0 | D32: =COUNTIFS(d_Marca,$A32,d_Modelo,$B32,d_Subest,D$7) -> 0 | E32: =SUM(C32:D32) -> 0 | F32: =COUNTIFS(d_Marca,$A32,d_Modelo,$B32,d_Subest,F$7) -> 4 | G32: =COUNTIFS(d_Marca,$A32,d_Modelo,$B32,d_Subest,G$7) -> 12 | H32: =SUM(F32:G32) -> 16 | I32: =COUNTIFS(d_Marca,$A32,d_Modelo,$B32,d_Subest,I$7) -> 0 | J32: =COUNTIFS(d_Marca,$A32,d_Modelo,$B32,d_Subest,J$7) -> 0 | K32: =SUM(I32:J32) -> 0 | L32: =COUNTIFS(d_Marca,$A32,d_Modelo,$B32,d_Subest,L$7) -> 0 | M32: =COUNTIFS(d_Marca,$A32,d_Modelo,$B32,d_Subest,M$7) -> 0 | N32: =COUNTIFS(d_Marca,$A32,d_Modelo,$B32,d_Subest,N$7) -> 0 | O32: =COUNTIFS(d_Marca,$A32,d_Modelo,$B32,d_Subest,O$7) -> 0 | P32: =SUM(L32:O32) -> 0 | Q32: =COUNTIFS(d_Marca,$A32,d_Modelo,$B32,d_Subest,Q$7) -> 0 | R32: =COUNTIFS(d_Marca,$A32,d_Modelo,$B32,d_Subest,R$7) -> 0 | S32: =COUNTIFS(d_Marca,$A32,d_Modelo,$B32,d_Subest,S$7) -> 0 | T32: =COUNTIFS(d_Marca,$A32,d_Modelo,$B32,d_Subest,T$7) -> 0 | U32: =COUNTIFS(d_Marca,$A32,d_Modelo,$B32,d_Subest,U$7) -> 0 | V32: =SUM(Q32:U32) -> 0 | W32: =COUNTIFS(d_Marca,$A32,d_Modelo,$B32,d_Subest,W$7) -> 0 | X32: =COUNTIFS(d_Marca,$A32,d_Modelo,$B32,d_Subest,X$7) -> 0 | Y32: =COUNTIFS(d_Marca,$A32,d_Modelo,$B32,d_Subest,Y$7) -> 0 | Z32: =COUNTIFS(d_Marca,$A32,d_Modelo,$B32,d_Subest,Z$7) -> 0 | AA32: =COUNTIFS(d_Marca,$A32,d_Modelo,$B32,d_Subest,AA$7) -> 0 | AB32: =SUM(W32:AA32) -> 0 | AC32: =COUNTIFS(d_Marca,$A32,d_Modelo,$B32,d_Subest,AC$7) -> 0 | AD32: =COUNTIFS(d_Marca,$A32,d_Modelo,$B32,d_Subest,AD$7) -> 0 | AE32: =COUNTIFS(d_Marca,$A32,d_Modelo,$B32,d_Subest,AE$7) -> 0 | AF32: =COUNTIFS(d_Marca,$A32,d_Modelo,$B32,d_Subest,AF$7) -> 0 | AG32: =COUNTIFS(d_Marca,$A32,d_Modelo,$B32,d_Subest,AG$7) -> 0 | AH32: =COUNTIFS(d_Marca,$A32,d_Modelo,$B32,d_Subest,AH$7) -> 0 | AI32: =COUNTIFS(d_Marca,$A32,d_Modelo,$B32,d_Subest,AI$7) -> 0 | AJ32: =COUNTIFS(d_Marca,$A32,d_Modelo,$B32,d_Subest,AJ$7) -> 0 | ... AL32: =COUNTIFS(d_Marca,$A32,d_Modelo,$B32,d_Subest,AL$7) -> 0 | AM32: =SUM(AC32:AL32) -> 0 | AN32: =COUNTIFS(d_Marca,$A32,d_Modelo,$B32,d_Subest,AN$7) -> 0 | AO32: =COUNTIFS(d_Marca,$A32,d_Modelo,$B32,d_Subest,AO$7) -> 0 | AP32: =COUNTIFS(d_Marca,$A32,d_Modelo,$B32,d_Subest,AP$7) -> 0 | AQ32: =COUNTIFS(d_Marca,$A32,d_Modelo,$B32,d_Subest,AQ$7) -> 0 | AR32: =COUNTIFS(d_Marca,$A32,d_Modelo,$B32,d_Subest,AR$7) -> 0 | AS32: =COUNTIFS(d_Marca,$A32,d_Modelo,$B32,d_Subest,AS$7) -> 0 | AT32: =COUNTIFS(d_Marca,$A32,d_Modelo,$B32,d_Subest,AT$7) -> 0 | AU32: =COUNTIFS(d_Marca,$A32,d_Modelo,$B32,d_Subest,AU$7) -> 0 | ... AW32: =COUNTIFS(d_Marca,$A32,d_Modelo,$B32,d_Subest,AW$7) -> 0 | AX32: =SUM(AN32:AW32) -> 0 | AY32: =COUNTIFS(d_Marca,$A32,d_Modelo,$B32,d_Subest,AY$7) -> 4 | AZ32: =E32+H32+K32+P32+V32+AB32+AM32+AX32+AY32 -> 20
A33: SEL | B33: SEL-751 | C33: =COUNTIFS(d_Marca,$A33,d_Modelo,$B33,d_Subest,C$7) -> 0 | D33: =COUNTIFS(d_Marca,$A33,d_Modelo,$B33,d_Subest,D$7) -> 0 | E33: =SUM(C33:D33) -> 0 | F33: =COUNTIFS(d_Marca,$A33,d_Modelo,$B33,d_Subest,F$7) -> 0 | G33: =COUNTIFS(d_Marca,$A33,d_Modelo,$B33,d_Subest,G$7) -> 0 | H33: =SUM(F33:G33) -> 0 | I33: =COUNTIFS(d_Marca,$A33,d_Modelo,$B33,d_Subest,I$7) -> 0 | J33: =COUNTIFS(d_Marca,$A33,d_Modelo,$B33,d_Subest,J$7) -> 0 | K33: =SUM(I33:J33) -> 0 | L33: =COUNTIFS(d_Marca,$A33,d_Modelo,$B33,d_Subest,L$7) -> 0 | M33: =COUNTIFS(d_Marca,$A33,d_Modelo,$B33,d_Subest,M$7) -> 0 | N33: =COUNTIFS(d_Marca,$A33,d_Modelo,$B33,d_Subest,N$7) -> 0 | O33: =COUNTIFS(d_Marca,$A33,d_Modelo,$B33,d_Subest,O$7) -> 0 | P33: =SUM(L33:O33) -> 0 | Q33: =COUNTIFS(d_Marca,$A33,d_Modelo,$B33,d_Subest,Q$7) -> 0 | R33: =COUNTIFS(d_Marca,$A33,d_Modelo,$B33,d_Subest,R$7) -> 0 | S33: =COUNTIFS(d_Marca,$A33,d_Modelo,$B33,d_Subest,S$7) -> 0 | T33: =COUNTIFS(d_Marca,$A33,d_Modelo,$B33,d_Subest,T$7) -> 0 | U33: =COUNTIFS(d_Marca,$A33,d_Modelo,$B33,d_Subest,U$7) -> 0 | V33: =SUM(Q33:U33) -> 0 | W33: =COUNTIFS(d_Marca,$A33,d_Modelo,$B33,d_Subest,W$7) -> 0 | X33: =COUNTIFS(d_Marca,$A33,d_Modelo,$B33,d_Subest,X$7) -> 0 | Y33: =COUNTIFS(d_Marca,$A33,d_Modelo,$B33,d_Subest,Y$7) -> 0 | Z33: =COUNTIFS(d_Marca,$A33,d_Modelo,$B33,d_Subest,Z$7) -> 0 | AA33: =COUNTIFS(d_Marca,$A33,d_Modelo,$B33,d_Subest,AA$7) -> 0 | AB33: =SUM(W33:AA33) -> 0 | AC33: =COUNTIFS(d_Marca,$A33,d_Modelo,$B33,d_Subest,AC$7) -> 0 | AD33: =COUNTIFS(d_Marca,$A33,d_Modelo,$B33,d_Subest,AD$7) -> 0 | AE33: =COUNTIFS(d_Marca,$A33,d_Modelo,$B33,d_Subest,AE$7) -> 0 | AF33: =COUNTIFS(d_Marca,$A33,d_Modelo,$B33,d_Subest,AF$7) -> 0 | AG33: =COUNTIFS(d_Marca,$A33,d_Modelo,$B33,d_Subest,AG$7) -> 0 | AH33: =COUNTIFS(d_Marca,$A33,d_Modelo,$B33,d_Subest,AH$7) -> 0 | AI33: =COUNTIFS(d_Marca,$A33,d_Modelo,$B33,d_Subest,AI$7) -> 0 | AJ33: =COUNTIFS(d_Marca,$A33,d_Modelo,$B33,d_Subest,AJ$7) -> 0 | ... AL33: =COUNTIFS(d_Marca,$A33,d_Modelo,$B33,d_Subest,AL$7) -> 0 | AM33: =SUM(AC33:AL33) -> 0 | AN33: =COUNTIFS(d_Marca,$A33,d_Modelo,$B33,d_Subest,AN$7) -> 12 | AO33: =COUNTIFS(d_Marca,$A33,d_Modelo,$B33,d_Subest,AO$7) -> 0 | AP33: =COUNTIFS(d_Marca,$A33,d_Modelo,$B33,d_Subest,AP$7) -> 0 | AQ33: =COUNTIFS(d_Marca,$A33,d_Modelo,$B33,d_Subest,AQ$7) -> 0 | AR33: =COUNTIFS(d_Marca,$A33,d_Modelo,$B33,d_Subest,AR$7) -> 0 | AS33: =COUNTIFS(d_Marca,$A33,d_Modelo,$B33,d_Subest,AS$7) -> 0 | AT33: =COUNTIFS(d_Marca,$A33,d_Modelo,$B33,d_Subest,AT$7) -> 0 | AU33: =COUNTIFS(d_Marca,$A33,d_Modelo,$B33,d_Subest,AU$7) -> 0 | ... AW33: =COUNTIFS(d_Marca,$A33,d_Modelo,$B33,d_Subest,AW$7) -> 0 | AX33: =SUM(AN33:AW33) -> 12 | AY33: =COUNTIFS(d_Marca,$A33,d_Modelo,$B33,d_Subest,AY$7) -> 0 | AZ33: =E33+H33+K33+P33+V33+AB33+AM33+AX33+AY33 -> 12
A34: SEL | B34: SEL-411L | C34: =COUNTIFS(d_Marca,$A34,d_Modelo,$B34,d_Subest,C$7) -> 0 | D34: =COUNTIFS(d_Marca,$A34,d_Modelo,$B34,d_Subest,D$7) -> 0 | E34: =SUM(C34:D34) -> 0 | F34: =COUNTIFS(d_Marca,$A34,d_Modelo,$B34,d_Subest,F$7) -> 0 | G34: =COUNTIFS(d_Marca,$A34,d_Modelo,$B34,d_Subest,G$7) -> 0 | H34: =SUM(F34:G34) -> 0 | I34: =COUNTIFS(d_Marca,$A34,d_Modelo,$B34,d_Subest,I$7) -> 0 | J34: =COUNTIFS(d_Marca,$A34,d_Modelo,$B34,d_Subest,J$7) -> 0 | K34: =SUM(I34:J34) -> 0 | L34: =COUNTIFS(d_Marca,$A34,d_Modelo,$B34,d_Subest,L$7) -> 0 | M34: =COUNTIFS(d_Marca,$A34,d_Modelo,$B34,d_Subest,M$7) -> 0 | N34: =COUNTIFS(d_Marca,$A34,d_Modelo,$B34,d_Subest,N$7) -> 0 | O34: =COUNTIFS(d_Marca,$A34,d_Modelo,$B34,d_Subest,O$7) -> 0 | P34: =SUM(L34:O34) -> 0 | Q34: =COUNTIFS(d_Marca,$A34,d_Modelo,$B34,d_Subest,Q$7) -> 0 | R34: =COUNTIFS(d_Marca,$A34,d_Modelo,$B34,d_Subest,R$7) -> 0 | S34: =COUNTIFS(d_Marca,$A34,d_Modelo,$B34,d_Subest,S$7) -> 0 | T34: =COUNTIFS(d_Marca,$A34,d_Modelo,$B34,d_Subest,T$7) -> 0 | U34: =COUNTIFS(d_Marca,$A34,d_Modelo,$B34,d_Subest,U$7) -> 0 | V34: =SUM(Q34:U34) -> 0 | W34: =COUNTIFS(d_Marca,$A34,d_Modelo,$B34,d_Subest,W$7) -> 0 | X34: =COUNTIFS(d_Marca,$A34,d_Modelo,$B34,d_Subest,X$7) -> 0 | Y34: =COUNTIFS(d_Marca,$A34,d_Modelo,$B34,d_Subest,Y$7) -> 0 | Z34: =COUNTIFS(d_Marca,$A34,d_Modelo,$B34,d_Subest,Z$7) -> 0 | AA34: =COUNTIFS(d_Marca,$A34,d_Modelo,$B34,d_Subest,AA$7) -> 0 | AB34: =SUM(W34:AA34) -> 0 | AC34: =COUNTIFS(d_Marca,$A34,d_Modelo,$B34,d_Subest,AC$7) -> 0 | AD34: =COUNTIFS(d_Marca,$A34,d_Modelo,$B34,d_Subest,AD$7) -> 0 | AE34: =COUNTIFS(d_Marca,$A34,d_Modelo,$B34,d_Subest,AE$7) -> 0 | AF34: =COUNTIFS(d_Marca,$A34,d_Modelo,$B34,d_Subest,AF$7) -> 0 | AG34: =COUNTIFS(d_Marca,$A34,d_Modelo,$B34,d_Subest,AG$7) -> 0 | AH34: =COUNTIFS(d_Marca,$A34,d_Modelo,$B34,d_Subest,AH$7) -> 0 | AI34: =COUNTIFS(d_Marca,$A34,d_Modelo,$B34,d_Subest,AI$7) -> 0 | AJ34: =COUNTIFS(d_Marca,$A34,d_Modelo,$B34,d_Subest,AJ$7) -> 0 | ... AL34: =COUNTIFS(d_Marca,$A34,d_Modelo,$B34,d_Subest,AL$7) -> 0 | AM34: =SUM(AC34:AL34) -> 0 | AN34: =COUNTIFS(d_Marca,$A34,d_Modelo,$B34,d_Subest,AN$7) -> 0 | AO34: =COUNTIFS(d_Marca,$A34,d_Modelo,$B34,d_Subest,AO$7) -> 0 | AP34: =COUNTIFS(d_Marca,$A34,d_Modelo,$B34,d_Subest,AP$7) -> 0 | AQ34: =COUNTIFS(d_Marca,$A34,d_Modelo,$B34,d_Subest,AQ$7) -> 0 | AR34: =COUNTIFS(d_Marca,$A34,d_Modelo,$B34,d_Subest,AR$7) -> 0 | AS34: =COUNTIFS(d_Marca,$A34,d_Modelo,$B34,d_Subest,AS$7) -> 0 | AT34: =COUNTIFS(d_Marca,$A34,d_Modelo,$B34,d_Subest,AT$7) -> 0 | AU34: =COUNTIFS(d_Marca,$A34,d_Modelo,$B34,d_Subest,AU$7) -> 0 | ... AW34: =COUNTIFS(d_Marca,$A34,d_Modelo,$B34,d_Subest,AW$7) -> 2 | AX34: =SUM(AN34:AW34) -> 4 | AY34: =COUNTIFS(d_Marca,$A34,d_Modelo,$B34,d_Subest,AY$7) -> 0 | AZ34: =E34+H34+K34+P34+V34+AB34+AM34+AX34+AY34 -> 4
A35: SEL | B35: 1AFFAEAGNEC5BNA11G | C35: =COUNTIFS(d_Marca,$A35,d_Modelo,$B35,d_Subest,C$7) -> 2 | D35: =COUNTIFS(d_Marca,$A35,d_Modelo,$B35,d_Subest,D$7) -> 0 | E35: =SUM(C35:D35) -> 2 | F35: =COUNTIFS(d_Marca,$A35,d_Modelo,$B35,d_Subest,F$7) -> 0 | G35: =COUNTIFS(d_Marca,$A35,d_Modelo,$B35,d_Subest,G$7) -> 0 | H35: =SUM(F35:G35) -> 0 | I35: =COUNTIFS(d_Marca,$A35,d_Modelo,$B35,d_Subest,I$7) -> 0 | J35: =COUNTIFS(d_Marca,$A35,d_Modelo,$B35,d_Subest,J$7) -> 0 | K35: =SUM(I35:J35) -> 0 | L35: =COUNTIFS(d_Marca,$A35,d_Modelo,$B35,d_Subest,L$7) -> 0 | M35: =COUNTIFS(d_Marca,$A35,d_Modelo,$B35,d_Subest,M$7) -> 0 | N35: =COUNTIFS(d_Marca,$A35,d_Modelo,$B35,d_Subest,N$7) -> 0 | O35: =COUNTIFS(d_Marca,$A35,d_Modelo,$B35,d_Subest,O$7) -> 0 | P35: =SUM(L35:O35) -> 0 | Q35: =COUNTIFS(d_Marca,$A35,d_Modelo,$B35,d_Subest,Q$7) -> 0 | R35: =COUNTIFS(d_Marca,$A35,d_Modelo,$B35,d_Subest,R$7) -> 0 | S35: =COUNTIFS(d_Marca,$A35,d_Modelo,$B35,d_Subest,S$7) -> 0 | T35: =COUNTIFS(d_Marca,$A35,d_Modelo,$B35,d_Subest,T$7) -> 0 | U35: =COUNTIFS(d_Marca,$A35,d_Modelo,$B35,d_Subest,U$7) -> 0 | V35: =SUM(Q35:U35) -> 0 | W35: =COUNTIFS(d_Marca,$A35,d_Modelo,$B35,d_Subest,W$7) -> 0 | X35: =COUNTIFS(d_Marca,$A35,d_Modelo,$B35,d_Subest,X$7) -> 0 | Y35: =COUNTIFS(d_Marca,$A35,d_Modelo,$B35,d_Subest,Y$7) -> 0 | Z35: =COUNTIFS(d_Marca,$A35,d_Modelo,$B35,d_Subest,Z$7) -> 0 | AA35: =COUNTIFS(d_Marca,$A35,d_Modelo,$B35,d_Subest,AA$7) -> 0 | AB35: =SUM(W35:AA35) -> 0 | AC35: =COUNTIFS(d_Marca,$A35,d_Modelo,$B35,d_Subest,AC$7) -> 0 | AD35: =COUNTIFS(d_Marca,$A35,d_Modelo,$B35,d_Subest,AD$7) -> 0 | AE35: =COUNTIFS(d_Marca,$A35,d_Modelo,$B35,d_Subest,AE$7) -> 0 | AF35: =COUNTIFS(d_Marca,$A35,d_Modelo,$B35,d_Subest,AF$7) -> 0 | AG35: =COUNTIFS(d_Marca,$A35,d_Modelo,$B35,d_Subest,AG$7) -> 0 | AH35: =COUNTIFS(d_Marca,$A35,d_Modelo,$B35,d_Subest,AH$7) -> 0 | AI35: =COUNTIFS(d_Marca,$A35,d_Modelo,$B35,d_Subest,AI$7) -> 0 | AJ35: =COUNTIFS(d_Marca,$A35,d_Modelo,$B35,d_Subest,AJ$7) -> 0 | ... AL35: =COUNTIFS(d_Marca,$A35,d_Modelo,$B35,d_Subest,AL$7) -> 0 | AM35: =SUM(AC35:AL35) -> 0 | AN35: =COUNTIFS(d_Marca,$A35,d_Modelo,$B35,d_Subest,AN$7) -> 0 | AO35: =COUNTIFS(d_Marca,$A35,d_Modelo,$B35,d_Subest,AO$7) -> 0 | AP35: =COUNTIFS(d_Marca,$A35,d_Modelo,$B35,d_Subest,AP$7) -> 0 | AQ35: =COUNTIFS(d_Marca,$A35,d_Modelo,$B35,d_Subest,AQ$7) -> 0 | AR35: =COUNTIFS(d_Marca,$A35,d_Modelo,$B35,d_Subest,AR$7) -> 0 | AS35: =COUNTIFS(d_Marca,$A35,d_Modelo,$B35,d_Subest,AS$7) -> 0 | AT35: =COUNTIFS(d_Marca,$A35,d_Modelo,$B35,d_Subest,AT$7) -> 0 | AU35: =COUNTIFS(d_Marca,$A35,d_Modelo,$B35,d_Subest,AU$7) -> 0 | ... AW35: =COUNTIFS(d_Marca,$A35,d_Modelo,$B35,d_Subest,AW$7) -> 0 | AX35: =SUM(AN35:AW35) -> 0 | AY35: =COUNTIFS(d_Marca,$A35,d_Modelo,$B35,d_Subest,AY$7) -> 0 | AZ35: =E35+H35+K35+P35+V35+AB35+AM35+AX35+AY35 -> 2
A36: GENERAL ELECTRIC | B36: Total GENERAL ELECTRIC | C36: =COUNTIFS(d_Marca,$A36,d_Subest,C$7) -> 0 | D36: =COUNTIFS(d_Marca,$A36,d_Subest,D$7) -> 0 | E36: =SUM(C36:D36) -> 0 | F36: =COUNTIFS(d_Marca,$A36,d_Subest,F$7) -> 0 | G36: =COUNTIFS(d_Marca,$A36,d_Subest,G$7) -> 0 | H36: =SUM(F36:G36) -> 0 | I36: =COUNTIFS(d_Marca,$A36,d_Subest,I$7) -> 27 | J36: =COUNTIFS(d_Marca,$A36,d_Subest,J$7) -> 0 | K36: =SUM(I36:J36) -> 27 | L36: =COUNTIFS(d_Marca,$A36,d_Subest,L$7) -> 0 | M36: =COUNTIFS(d_Marca,$A36,d_Subest,M$7) -> 24 | N36: =COUNTIFS(d_Marca,$A36,d_Subest,N$7) -> 20 | O36: =COUNTIFS(d_Marca,$A36,d_Subest,O$7) -> 20 | P36: =SUM(L36:O36) -> 64 | Q36: =COUNTIFS(d_Marca,$A36,d_Subest,Q$7) -> 20 | R36: =COUNTIFS(d_Marca,$A36,d_Subest,R$7) -> 20 | S36: =COUNTIFS(d_Marca,$A36,d_Subest,S$7) -> 0 | T36: =COUNTIFS(d_Marca,$A36,d_Subest,T$7) -> 0 | U36: =COUNTIFS(d_Marca,$A36,d_Subest,U$7) -> 26 | V36: =SUM(Q36:U36) -> 66 | W36: =COUNTIFS(d_Marca,$A36,d_Subest,W$7) -> 0 | X36: =COUNTIFS(d_Marca,$A36,d_Subest,X$7) -> 0 | Y36: =COUNTIFS(d_Marca,$A36,d_Subest,Y$7) -> 0 | Z36: =COUNTIFS(d_Marca,$A36,d_Subest,Z$7) -> 12 | AA36: =COUNTIFS(d_Marca,$A36,d_Subest,AA$7) -> 14 | AB36: =SUM(W36:AA36) -> 26 | AC36: =COUNTIFS(d_Marca,$A36,d_Subest,AC$7) -> 0 | AD36: =COUNTIFS(d_Marca,$A36,d_Subest,AD$7) -> 0 | AE36: =COUNTIFS(d_Marca,$A36,d_Subest,AE$7) -> 0 | AF36: =COUNTIFS(d_Marca,$A36,d_Subest,AF$7) -> 2 | AG36: =COUNTIFS(d_Marca,$A36,d_Subest,AG$7) -> 0 | AH36: =COUNTIFS(d_Marca,$A36,d_Subest,AH$7) -> 0 | AI36: =COUNTIFS(d_Marca,$A36,d_Subest,AI$7) -> 0 | AJ36: =COUNTIFS(d_Marca,$A36,d_Subest,AJ$7) -> 0 | ... AL36: =COUNTIFS(d_Marca,$A36,d_Subest,AL$7) -> 0 | AM36: =SUM(AC36:AL36) -> 2 | AN36: =COUNTIFS(d_Marca,$A36,d_Subest,AN$7) -> 0 | AO36: =COUNTIFS(d_Marca,$A36,d_Subest,AO$7) -> 0 | AP36: =COUNTIFS(d_Marca,$A36,d_Subest,AP$7) -> 0 | AQ36: =COUNTIFS(d_Marca,$A36,d_Subest,AQ$7) -> 0 | AR36: =COUNTIFS(d_Marca,$A36,d_Subest,AR$7) -> 0 | AS36: =COUNTIFS(d_Marca,$A36,d_Subest,AS$7) -> 0 | AT36: =COUNTIFS(d_Marca,$A36,d_Subest,AT$7) -> 0 | AU36: =COUNTIFS(d_Marca,$A36,d_Subest,AU$7) -> 0 | ... AW36: =COUNTIFS(d_Marca,$A36,d_Subest,AW$7) -> 24 | AX36: =SUM(AN36:AW36) -> 72 | AY36: =COUNTIFS(d_Marca,$A36,d_Subest,AY$7) -> 147 | AZ36: =E36+H36+K36+P36+V36+AB36+AM36+AX36+AY36 -> 404
A37: GENERAL ELECTRIC | B37: MULTILIN | C37: =COUNTIFS(d_Marca,$A37,d_Modelo,$B37,d_Subest,C$7) -> 0 | D37: =COUNTIFS(d_Marca,$A37,d_Modelo,$B37,d_Subest,D$7) -> 0 | E37: =SUM(C37:D37) -> 0 | F37: =COUNTIFS(d_Marca,$A37,d_Modelo,$B37,d_Subest,F$7) -> 0 | G37: =COUNTIFS(d_Marca,$A37,d_Modelo,$B37,d_Subest,G$7) -> 0 | H37: =SUM(F37:G37) -> 0 | I37: =COUNTIFS(d_Marca,$A37,d_Modelo,$B37,d_Subest,I$7) -> 27 | J37: =COUNTIFS(d_Marca,$A37,d_Modelo,$B37,d_Subest,J$7) -> 0 | K37: =SUM(I37:J37) -> 27 | L37: =COUNTIFS(d_Marca,$A37,d_Modelo,$B37,d_Subest,L$7) -> 0 | M37: =COUNTIFS(d_Marca,$A37,d_Modelo,$B37,d_Subest,M$7) -> 24 | N37: =COUNTIFS(d_Marca,$A37,d_Modelo,$B37,d_Subest,N$7) -> 20 | O37: =COUNTIFS(d_Marca,$A37,d_Modelo,$B37,d_Subest,O$7) -> 20 | P37: =SUM(L37:O37) -> 64 | Q37: =COUNTIFS(d_Marca,$A37,d_Modelo,$B37,d_Subest,Q$7) -> 20 | R37: =COUNTIFS(d_Marca,$A37,d_Modelo,$B37,d_Subest,R$7) -> 20 | S37: =COUNTIFS(d_Marca,$A37,d_Modelo,$B37,d_Subest,S$7) -> 0 | T37: =COUNTIFS(d_Marca,$A37,d_Modelo,$B37,d_Subest,T$7) -> 0 | U37: =COUNTIFS(d_Marca,$A37,d_Modelo,$B37,d_Subest,U$7) -> 26 | V37: =SUM(Q37:U37) -> 66 | W37: =COUNTIFS(d_Marca,$A37,d_Modelo,$B37,d_Subest,W$7) -> 0 | X37: =COUNTIFS(d_Marca,$A37,d_Modelo,$B37,d_Subest,X$7) -> 0 | Y37: =COUNTIFS(d_Marca,$A37,d_Modelo,$B37,d_Subest,Y$7) -> 0 | Z37: =COUNTIFS(d_Marca,$A37,d_Modelo,$B37,d_Subest,Z$7) -> 0 | AA37: =COUNTIFS(d_Marca,$A37,d_Modelo,$B37,d_Subest,AA$7) -> 0 | AB37: =SUM(W37:AA37) -> 0 | AC37: =COUNTIFS(d_Marca,$A37,d_Modelo,$B37,d_Subest,AC$7) -> 0 | AD37: =COUNTIFS(d_Marca,$A37,d_Modelo,$B37,d_Subest,AD$7) -> 0 | AE37: =COUNTIFS(d_Marca,$A37,d_Modelo,$B37,d_Subest,AE$7) -> 0 | AF37: =COUNTIFS(d_Marca,$A37,d_Modelo,$B37,d_Subest,AF$7) -> 2 | AG37: =COUNTIFS(d_Marca,$A37,d_Modelo,$B37,d_Subest,AG$7) -> 0 | AH37: =COUNTIFS(d_Marca,$A37,d_Modelo,$B37,d_Subest,AH$7) -> 0 | AI37: =COUNTIFS(d_Marca,$A37,d_Modelo,$B37,d_Subest,AI$7) -> 0 | AJ37: =COUNTIFS(d_Marca,$A37,d_Modelo,$B37,d_Subest,AJ$7) -> 0 | ... AL37: =COUNTIFS(d_Marca,$A37,d_Modelo,$B37,d_Subest,AL$7) -> 0 | AM37: =SUM(AC37:AL37) -> 2 | AN37: =COUNTIFS(d_Marca,$A37,d_Modelo,$B37,d_Subest,AN$7) -> 0 | AO37: =COUNTIFS(d_Marca,$A37,d_Modelo,$B37,d_Subest,AO$7) -> 0 | AP37: =COUNTIFS(d_Marca,$A37,d_Modelo,$B37,d_Subest,AP$7) -> 0 | AQ37: =COUNTIFS(d_Marca,$A37,d_Modelo,$B37,d_Subest,AQ$7) -> 0 | AR37: =COUNTIFS(d_Marca,$A37,d_Modelo,$B37,d_Subest,AR$7) -> 0 | AS37: =COUNTIFS(d_Marca,$A37,d_Modelo,$B37,d_Subest,AS$7) -> 0 | AT37: =COUNTIFS(d_Marca,$A37,d_Modelo,$B37,d_Subest,AT$7) -> 0 | AU37: =COUNTIFS(d_Marca,$A37,d_Modelo,$B37,d_Subest,AU$7) -> 0 | ... AW37: =COUNTIFS(d_Marca,$A37,d_Modelo,$B37,d_Subest,AW$7) -> 0 | AX37: =SUM(AN37:AW37) -> 0 | AY37: =COUNTIFS(d_Marca,$A37,d_Modelo,$B37,d_Subest,AY$7) -> 127 | AZ37: =E37+H37+K37+P37+V37+AB37+AM37+AX37+AY37 -> 286
A38: GENERAL ELECTRIC | B38: MULTILIN 350 | C38: =COUNTIFS(d_Marca,$A38,d_Modelo,$B38,d_Subest,C$7) -> 0 | D38: =COUNTIFS(d_Marca,$A38,d_Modelo,$B38,d_Subest,D$7) -> 0 | E38: =SUM(C38:D38) -> 0 | F38: =COUNTIFS(d_Marca,$A38,d_Modelo,$B38,d_Subest,F$7) -> 0 | G38: =COUNTIFS(d_Marca,$A38,d_Modelo,$B38,d_Subest,G$7) -> 0 | H38: =SUM(F38:G38) -> 0 | I38: =COUNTIFS(d_Marca,$A38,d_Modelo,$B38,d_Subest,I$7) -> 0 | J38: =COUNTIFS(d_Marca,$A38,d_Modelo,$B38,d_Subest,J$7) -> 0 | K38: =SUM(I38:J38) -> 0 | L38: =COUNTIFS(d_Marca,$A38,d_Modelo,$B38,d_Subest,L$7) -> 0 | M38: =COUNTIFS(d_Marca,$A38,d_Modelo,$B38,d_Subest,M$7) -> 0 | N38: =COUNTIFS(d_Marca,$A38,d_Modelo,$B38,d_Subest,N$7) -> 0 | O38: =COUNTIFS(d_Marca,$A38,d_Modelo,$B38,d_Subest,O$7) -> 0 | P38: =SUM(L38:O38) -> 0 | Q38: =COUNTIFS(d_Marca,$A38,d_Modelo,$B38,d_Subest,Q$7) -> 0 | R38: =COUNTIFS(d_Marca,$A38,d_Modelo,$B38,d_Subest,R$7) -> 0 | S38: =COUNTIFS(d_Marca,$A38,d_Modelo,$B38,d_Subest,S$7) -> 0 | T38: =COUNTIFS(d_Marca,$A38,d_Modelo,$B38,d_Subest,T$7) -> 0 | U38: =COUNTIFS(d_Marca,$A38,d_Modelo,$B38,d_Subest,U$7) -> 0 | V38: =SUM(Q38:U38) -> 0 | W38: =COUNTIFS(d_Marca,$A38,d_Modelo,$B38,d_Subest,W$7) -> 0 | X38: =COUNTIFS(d_Marca,$A38,d_Modelo,$B38,d_Subest,X$7) -> 0 | Y38: =COUNTIFS(d_Marca,$A38,d_Modelo,$B38,d_Subest,Y$7) -> 0 | Z38: =COUNTIFS(d_Marca,$A38,d_Modelo,$B38,d_Subest,Z$7) -> 12 | AA38: =COUNTIFS(d_Marca,$A38,d_Modelo,$B38,d_Subest,AA$7) -> 14 | AB38: =SUM(W38:AA38) -> 26 | AC38: =COUNTIFS(d_Marca,$A38,d_Modelo,$B38,d_Subest,AC$7) -> 0 | AD38: =COUNTIFS(d_Marca,$A38,d_Modelo,$B38,d_Subest,AD$7) -> 0 | AE38: =COUNTIFS(d_Marca,$A38,d_Modelo,$B38,d_Subest,AE$7) -> 0 | AF38: =COUNTIFS(d_Marca,$A38,d_Modelo,$B38,d_Subest,AF$7) -> 0 | AG38: =COUNTIFS(d_Marca,$A38,d_Modelo,$B38,d_Subest,AG$7) -> 0 | AH38: =COUNTIFS(d_Marca,$A38,d_Modelo,$B38,d_Subest,AH$7) -> 0 | AI38: =COUNTIFS(d_Marca,$A38,d_Modelo,$B38,d_Subest,AI$7) -> 0 | AJ38: =COUNTIFS(d_Marca,$A38,d_Modelo,$B38,d_Subest,AJ$7) -> 0 | ... AL38: =COUNTIFS(d_Marca,$A38,d_Modelo,$B38,d_Subest,AL$7) -> 0 | AM38: =SUM(AC38:AL38) -> 0 | AN38: =COUNTIFS(d_Marca,$A38,d_Modelo,$B38,d_Subest,AN$7) -> 0 | AO38: =COUNTIFS(d_Marca,$A38,d_Modelo,$B38,d_Subest,AO$7) -> 0 | AP38: =COUNTIFS(d_Marca,$A38,d_Modelo,$B38,d_Subest,AP$7) -> 0 | AQ38: =COUNTIFS(d_Marca,$A38,d_Modelo,$B38,d_Subest,AQ$7) -> 0 | AR38: =COUNTIFS(d_Marca,$A38,d_Modelo,$B38,d_Subest,AR$7) -> 0 | AS38: =COUNTIFS(d_Marca,$A38,d_Modelo,$B38,d_Subest,AS$7) -> 0 | AT38: =COUNTIFS(d_Marca,$A38,d_Modelo,$B38,d_Subest,AT$7) -> 0 | AU38: =COUNTIFS(d_Marca,$A38,d_Modelo,$B38,d_Subest,AU$7) -> 0 | ... AW38: =COUNTIFS(d_Marca,$A38,d_Modelo,$B38,d_Subest,AW$7) -> 8 | AX38: =SUM(AN38:AW38) -> 8 | AY38: =COUNTIFS(d_Marca,$A38,d_Modelo,$B38,d_Subest,AY$7) -> 0 | AZ38: =E38+H38+K38+P38+V38+AB38+AM38+AX38+AY38 -> 34
A39: GENERAL ELECTRIC | B39: MULTILIN T60 | C39: =COUNTIFS(d_Marca,$A39,d_Modelo,$B39,d_Subest,C$7) -> 0 | D39: =COUNTIFS(d_Marca,$A39,d_Modelo,$B39,d_Subest,D$7) -> 0 | E39: =SUM(C39:D39) -> 0 | F39: =COUNTIFS(d_Marca,$A39,d_Modelo,$B39,d_Subest,F$7) -> 0 | G39: =COUNTIFS(d_Marca,$A39,d_Modelo,$B39,d_Subest,G$7) -> 0 | H39: =SUM(F39:G39) -> 0 | I39: =COUNTIFS(d_Marca,$A39,d_Modelo,$B39,d_Subest,I$7) -> 0 | J39: =COUNTIFS(d_Marca,$A39,d_Modelo,$B39,d_Subest,J$7) -> 0 | K39: =SUM(I39:J39) -> 0 | L39: =COUNTIFS(d_Marca,$A39,d_Modelo,$B39,d_Subest,L$7) -> 0 | M39: =COUNTIFS(d_Marca,$A39,d_Modelo,$B39,d_Subest,M$7) -> 0 | N39: =COUNTIFS(d_Marca,$A39,d_Modelo,$B39,d_Subest,N$7) -> 0 | O39: =COUNTIFS(d_Marca,$A39,d_Modelo,$B39,d_Subest,O$7) -> 0 | P39: =SUM(L39:O39) -> 0 | Q39: =COUNTIFS(d_Marca,$A39,d_Modelo,$B39,d_Subest,Q$7) -> 0 | R39: =COUNTIFS(d_Marca,$A39,d_Modelo,$B39,d_Subest,R$7) -> 0 | S39: =COUNTIFS(d_Marca,$A39,d_Modelo,$B39,d_Subest,S$7) -> 0 | T39: =COUNTIFS(d_Marca,$A39,d_Modelo,$B39,d_Subest,T$7) -> 0 | U39: =COUNTIFS(d_Marca,$A39,d_Modelo,$B39,d_Subest,U$7) -> 0 | V39: =SUM(Q39:U39) -> 0 | W39: =COUNTIFS(d_Marca,$A39,d_Modelo,$B39,d_Subest,W$7) -> 0 | X39: =COUNTIFS(d_Marca,$A39,d_Modelo,$B39,d_Subest,X$7) -> 0 | Y39: =COUNTIFS(d_Marca,$A39,d_Modelo,$B39,d_Subest,Y$7) -> 0 | Z39: =COUNTIFS(d_Marca,$A39,d_Modelo,$B39,d_Subest,Z$7) -> 0 | AA39: =COUNTIFS(d_Marca,$A39,d_Modelo,$B39,d_Subest,AA$7) -> 0 | AB39: =SUM(W39:AA39) -> 0 | AC39: =COUNTIFS(d_Marca,$A39,d_Modelo,$B39,d_Subest,AC$7) -> 0 | AD39: =COUNTIFS(d_Marca,$A39,d_Modelo,$B39,d_Subest,AD$7) -> 0 | AE39: =COUNTIFS(d_Marca,$A39,d_Modelo,$B39,d_Subest,AE$7) -> 0 | AF39: =COUNTIFS(d_Marca,$A39,d_Modelo,$B39,d_Subest,AF$7) -> 0 | AG39: =COUNTIFS(d_Marca,$A39,d_Modelo,$B39,d_Subest,AG$7) -> 0 | AH39: =COUNTIFS(d_Marca,$A39,d_Modelo,$B39,d_Subest,AH$7) -> 0 | AI39: =COUNTIFS(d_Marca,$A39,d_Modelo,$B39,d_Subest,AI$7) -> 0 | AJ39: =COUNTIFS(d_Marca,$A39,d_Modelo,$B39,d_Subest,AJ$7) -> 0 | ... AL39: =COUNTIFS(d_Marca,$A39,d_Modelo,$B39,d_Subest,AL$7) -> 0 | AM39: =SUM(AC39:AL39) -> 0 | AN39: =COUNTIFS(d_Marca,$A39,d_Modelo,$B39,d_Subest,AN$7) -> 0 | AO39: =COUNTIFS(d_Marca,$A39,d_Modelo,$B39,d_Subest,AO$7) -> 0 | AP39: =COUNTIFS(d_Marca,$A39,d_Modelo,$B39,d_Subest,AP$7) -> 0 | AQ39: =COUNTIFS(d_Marca,$A39,d_Modelo,$B39,d_Subest,AQ$7) -> 0 | AR39: =COUNTIFS(d_Marca,$A39,d_Modelo,$B39,d_Subest,AR$7) -> 0 | AS39: =COUNTIFS(d_Marca,$A39,d_Modelo,$B39,d_Subest,AS$7) -> 0 | AT39: =COUNTIFS(d_Marca,$A39,d_Modelo,$B39,d_Subest,AT$7) -> 0 | AU39: =COUNTIFS(d_Marca,$A39,d_Modelo,$B39,d_Subest,AU$7) -> 0 | ... AW39: =COUNTIFS(d_Marca,$A39,d_Modelo,$B39,d_Subest,AW$7) -> 2 | AX39: =SUM(AN39:AW39) -> 10 | AY39: =COUNTIFS(d_Marca,$A39,d_Modelo,$B39,d_Subest,AY$7) -> 12 | AZ39: =E39+H39+K39+P39+V39+AB39+AM39+AX39+AY39 -> 22
A40: GENERAL ELECTRIC | B40: MULTILIN C30 | C40: =COUNTIFS(d_Marca,$A40,d_Modelo,$B40,d_Subest,C$7) -> 0 | D40: =COUNTIFS(d_Marca,$A40,d_Modelo,$B40,d_Subest,D$7) -> 0 | E40: =SUM(C40:D40) -> 0 | F40: =COUNTIFS(d_Marca,$A40,d_Modelo,$B40,d_Subest,F$7) -> 0 | G40: =COUNTIFS(d_Marca,$A40,d_Modelo,$B40,d_Subest,G$7) -> 0 | H40: =SUM(F40:G40) -> 0 | I40: =COUNTIFS(d_Marca,$A40,d_Modelo,$B40,d_Subest,I$7) -> 0 | J40: =COUNTIFS(d_Marca,$A40,d_Modelo,$B40,d_Subest,J$7) -> 0 | K40: =SUM(I40:J40) -> 0 | L40: =COUNTIFS(d_Marca,$A40,d_Modelo,$B40,d_Subest,L$7) -> 0 | M40: =COUNTIFS(d_Marca,$A40,d_Modelo,$B40,d_Subest,M$7) -> 0 | N40: =COUNTIFS(d_Marca,$A40,d_Modelo,$B40,d_Subest,N$7) -> 0 | O40: =COUNTIFS(d_Marca,$A40,d_Modelo,$B40,d_Subest,O$7) -> 0 | P40: =SUM(L40:O40) -> 0 | Q40: =COUNTIFS(d_Marca,$A40,d_Modelo,$B40,d_Subest,Q$7) -> 0 | R40: =COUNTIFS(d_Marca,$A40,d_Modelo,$B40,d_Subest,R$7) -> 0 | S40: =COUNTIFS(d_Marca,$A40,d_Modelo,$B40,d_Subest,S$7) -> 0 | T40: =COUNTIFS(d_Marca,$A40,d_Modelo,$B40,d_Subest,T$7) -> 0 | U40: =COUNTIFS(d_Marca,$A40,d_Modelo,$B40,d_Subest,U$7) -> 0 | V40: =SUM(Q40:U40) -> 0 | W40: =COUNTIFS(d_Marca,$A40,d_Modelo,$B40,d_Subest,W$7) -> 0 | X40: =COUNTIFS(d_Marca,$A40,d_Modelo,$B40,d_Subest,X$7) -> 0 | Y40: =COUNTIFS(d_Marca,$A40,d_Modelo,$B40,d_Subest,Y$7) -> 0 | Z40: =COUNTIFS(d_Marca,$A40,d_Modelo,$B40,d_Subest,Z$7) -> 0 | AA40: =COUNTIFS(d_Marca,$A40,d_Modelo,$B40,d_Subest,AA$7) -> 0 | AB40: =SUM(W40:AA40) -> 0 | AC40: =COUNTIFS(d_Marca,$A40,d_Modelo,$B40,d_Subest,AC$7) -> 0 | AD40: =COUNTIFS(d_Marca,$A40,d_Modelo,$B40,d_Subest,AD$7) -> 0 | AE40: =COUNTIFS(d_Marca,$A40,d_Modelo,$B40,d_Subest,AE$7) -> 0 | AF40: =COUNTIFS(d_Marca,$A40,d_Modelo,$B40,d_Subest,AF$7) -> 0 | AG40: =COUNTIFS(d_Marca,$A40,d_Modelo,$B40,d_Subest,AG$7) -> 0 | AH40: =COUNTIFS(d_Marca,$A40,d_Modelo,$B40,d_Subest,AH$7) -> 0 | AI40: =COUNTIFS(d_Marca,$A40,d_Modelo,$B40,d_Subest,AI$7) -> 0 | AJ40: =COUNTIFS(d_Marca,$A40,d_Modelo,$B40,d_Subest,AJ$7) -> 0 | ... AL40: =COUNTIFS(d_Marca,$A40,d_Modelo,$B40,d_Subest,AL$7) -> 0 | AM40: =SUM(AC40:AL40) -> 0 | AN40: =COUNTIFS(d_Marca,$A40,d_Modelo,$B40,d_Subest,AN$7) -> 0 | AO40: =COUNTIFS(d_Marca,$A40,d_Modelo,$B40,d_Subest,AO$7) -> 0 | AP40: =COUNTIFS(d_Marca,$A40,d_Modelo,$B40,d_Subest,AP$7) -> 0 | AQ40: =COUNTIFS(d_Marca,$A40,d_Modelo,$B40,d_Subest,AQ$7) -> 0 | AR40: =COUNTIFS(d_Marca,$A40,d_Modelo,$B40,d_Subest,AR$7) -> 0 | AS40: =COUNTIFS(d_Marca,$A40,d_Modelo,$B40,d_Subest,AS$7) -> 0 | AT40: =COUNTIFS(d_Marca,$A40,d_Modelo,$B40,d_Subest,AT$7) -> 0 | AU40: =COUNTIFS(d_Marca,$A40,d_Modelo,$B40,d_Subest,AU$7) -> 0 | ... AW40: =COUNTIFS(d_Marca,$A40,d_Modelo,$B40,d_Subest,AW$7) -> 8 | AX40: =SUM(AN40:AW40) -> 21 | AY40: =COUNTIFS(d_Marca,$A40,d_Modelo,$B40,d_Subest,AY$7) -> 0 | AZ40: =E40+H40+K40+P40+V40+AB40+AM40+AX40+AY40 -> 21
A41: GENERAL ELECTRIC | B41: MULTILIN F60 | C41: =COUNTIFS(d_Marca,$A41,d_Modelo,$B41,d_Subest,C$7) -> 0 | D41: =COUNTIFS(d_Marca,$A41,d_Modelo,$B41,d_Subest,D$7) -> 0 | E41: =SUM(C41:D41) -> 0 | F41: =COUNTIFS(d_Marca,$A41,d_Modelo,$B41,d_Subest,F$7) -> 0 | G41: =COUNTIFS(d_Marca,$A41,d_Modelo,$B41,d_Subest,G$7) -> 0 | H41: =SUM(F41:G41) -> 0 | I41: =COUNTIFS(d_Marca,$A41,d_Modelo,$B41,d_Subest,I$7) -> 0 | J41: =COUNTIFS(d_Marca,$A41,d_Modelo,$B41,d_Subest,J$7) -> 0 | K41: =SUM(I41:J41) -> 0 | L41: =COUNTIFS(d_Marca,$A41,d_Modelo,$B41,d_Subest,L$7) -> 0 | M41: =COUNTIFS(d_Marca,$A41,d_Modelo,$B41,d_Subest,M$7) -> 0 | N41: =COUNTIFS(d_Marca,$A41,d_Modelo,$B41,d_Subest,N$7) -> 0 | O41: =COUNTIFS(d_Marca,$A41,d_Modelo,$B41,d_Subest,O$7) -> 0 | P41: =SUM(L41:O41) -> 0 | Q41: =COUNTIFS(d_Marca,$A41,d_Modelo,$B41,d_Subest,Q$7) -> 0 | R41: =COUNTIFS(d_Marca,$A41,d_Modelo,$B41,d_Subest,R$7) -> 0 | S41: =COUNTIFS(d_Marca,$A41,d_Modelo,$B41,d_Subest,S$7) -> 0 | T41: =COUNTIFS(d_Marca,$A41,d_Modelo,$B41,d_Subest,T$7) -> 0 | U41: =COUNTIFS(d_Marca,$A41,d_Modelo,$B41,d_Subest,U$7) -> 0 | V41: =SUM(Q41:U41) -> 0 | W41: =COUNTIFS(d_Marca,$A41,d_Modelo,$B41,d_Subest,W$7) -> 0 | X41: =COUNTIFS(d_Marca,$A41,d_Modelo,$B41,d_Subest,X$7) -> 0 | Y41: =COUNTIFS(d_Marca,$A41,d_Modelo,$B41,d_Subest,Y$7) -> 0 | Z41: =COUNTIFS(d_Marca,$A41,d_Modelo,$B41,d_Subest,Z$7) -> 0 | AA41: =COUNTIFS(d_Marca,$A41,d_Modelo,$B41,d_Subest,AA$7) -> 0 | AB41: =SUM(W41:AA41) -> 0 | AC41: =COUNTIFS(d_Marca,$A41,d_Modelo,$B41,d_Subest,AC$7) -> 0 | AD41: =COUNTIFS(d_Marca,$A41,d_Modelo,$B41,d_Subest,AD$7) -> 0 | AE41: =COUNTIFS(d_Marca,$A41,d_Modelo,$B41,d_Subest,AE$7) -> 0 | AF41: =COUNTIFS(d_Marca,$A41,d_Modelo,$B41,d_Subest,AF$7) -> 0 | AG41: =COUNTIFS(d_Marca,$A41,d_Modelo,$B41,d_Subest,AG$7) -> 0 | AH41: =COUNTIFS(d_Marca,$A41,d_Modelo,$B41,d_Subest,AH$7) -> 0 | AI41: =COUNTIFS(d_Marca,$A41,d_Modelo,$B41,d_Subest,AI$7) -> 0 | AJ41: =COUNTIFS(d_Marca,$A41,d_Modelo,$B41,d_Subest,AJ$7) -> 0 | ... AL41: =COUNTIFS(d_Marca,$A41,d_Modelo,$B41,d_Subest,AL$7) -> 0 | AM41: =SUM(AC41:AL41) -> 0 | AN41: =COUNTIFS(d_Marca,$A41,d_Modelo,$B41,d_Subest,AN$7) -> 0 | AO41: =COUNTIFS(d_Marca,$A41,d_Modelo,$B41,d_Subest,AO$7) -> 0 | AP41: =COUNTIFS(d_Marca,$A41,d_Modelo,$B41,d_Subest,AP$7) -> 0 | AQ41: =COUNTIFS(d_Marca,$A41,d_Modelo,$B41,d_Subest,AQ$7) -> 0 | AR41: =COUNTIFS(d_Marca,$A41,d_Modelo,$B41,d_Subest,AR$7) -> 0 | AS41: =COUNTIFS(d_Marca,$A41,d_Modelo,$B41,d_Subest,AS$7) -> 0 | AT41: =COUNTIFS(d_Marca,$A41,d_Modelo,$B41,d_Subest,AT$7) -> 0 | AU41: =COUNTIFS(d_Marca,$A41,d_Modelo,$B41,d_Subest,AU$7) -> 0 | ... AW41: =COUNTIFS(d_Marca,$A41,d_Modelo,$B41,d_Subest,AW$7) -> 2 | AX41: =SUM(AN41:AW41) -> 14 | AY41: =COUNTIFS(d_Marca,$A41,d_Modelo,$B41,d_Subest,AY$7) -> 0 | AZ41: =E41+H41+K41+P41+V41+AB41+AM41+AX41+AY41 -> 14
A42: GENERAL ELECTRIC | B42: MULTILIN B90 | C42: =COUNTIFS(d_Marca,$A42,d_Modelo,$B42,d_Subest,C$7) -> 0 | D42: =COUNTIFS(d_Marca,$A42,d_Modelo,$B42,d_Subest,D$7) -> 0 | E42: =SUM(C42:D42) -> 0 | F42: =COUNTIFS(d_Marca,$A42,d_Modelo,$B42,d_Subest,F$7) -> 0 | G42: =COUNTIFS(d_Marca,$A42,d_Modelo,$B42,d_Subest,G$7) -> 0 | H42: =SUM(F42:G42) -> 0 | I42: =COUNTIFS(d_Marca,$A42,d_Modelo,$B42,d_Subest,I$7) -> 0 | J42: =COUNTIFS(d_Marca,$A42,d_Modelo,$B42,d_Subest,J$7) -> 0 | K42: =SUM(I42:J42) -> 0 | L42: =COUNTIFS(d_Marca,$A42,d_Modelo,$B42,d_Subest,L$7) -> 0 | M42: =COUNTIFS(d_Marca,$A42,d_Modelo,$B42,d_Subest,M$7) -> 0 | N42: =COUNTIFS(d_Marca,$A42,d_Modelo,$B42,d_Subest,N$7) -> 0 | O42: =COUNTIFS(d_Marca,$A42,d_Modelo,$B42,d_Subest,O$7) -> 0 | P42: =SUM(L42:O42) -> 0 | Q42: =COUNTIFS(d_Marca,$A42,d_Modelo,$B42,d_Subest,Q$7) -> 0 | R42: =COUNTIFS(d_Marca,$A42,d_Modelo,$B42,d_Subest,R$7) -> 0 | S42: =COUNTIFS(d_Marca,$A42,d_Modelo,$B42,d_Subest,S$7) -> 0 | T42: =COUNTIFS(d_Marca,$A42,d_Modelo,$B42,d_Subest,T$7) -> 0 | U42: =COUNTIFS(d_Marca,$A42,d_Modelo,$B42,d_Subest,U$7) -> 0 | V42: =SUM(Q42:U42) -> 0 | W42: =COUNTIFS(d_Marca,$A42,d_Modelo,$B42,d_Subest,W$7) -> 0 | X42: =COUNTIFS(d_Marca,$A42,d_Modelo,$B42,d_Subest,X$7) -> 0 | Y42: =COUNTIFS(d_Marca,$A42,d_Modelo,$B42,d_Subest,Y$7) -> 0 | Z42: =COUNTIFS(d_Marca,$A42,d_Modelo,$B42,d_Subest,Z$7) -> 0 | AA42: =COUNTIFS(d_Marca,$A42,d_Modelo,$B42,d_Subest,AA$7) -> 0 | AB42: =SUM(W42:AA42) -> 0 | AC42: =COUNTIFS(d_Marca,$A42,d_Modelo,$B42,d_Subest,AC$7) -> 0 | AD42: =COUNTIFS(d_Marca,$A42,d_Modelo,$B42,d_Subest,AD$7) -> 0 | AE42: =COUNTIFS(d_Marca,$A42,d_Modelo,$B42,d_Subest,AE$7) -> 0 | AF42: =COUNTIFS(d_Marca,$A42,d_Modelo,$B42,d_Subest,AF$7) -> 0 | AG42: =COUNTIFS(d_Marca,$A42,d_Modelo,$B42,d_Subest,AG$7) -> 0 | AH42: =COUNTIFS(d_Marca,$A42,d_Modelo,$B42,d_Subest,AH$7) -> 0 | AI42: =COUNTIFS(d_Marca,$A42,d_Modelo,$B42,d_Subest,AI$7) -> 0 | AJ42: =COUNTIFS(d_Marca,$A42,d_Modelo,$B42,d_Subest,AJ$7) -> 0 | ... AL42: =COUNTIFS(d_Marca,$A42,d_Modelo,$B42,d_Subest,AL$7) -> 0 | AM42: =SUM(AC42:AL42) -> 0 | AN42: =COUNTIFS(d_Marca,$A42,d_Modelo,$B42,d_Subest,AN$7) -> 0 | AO42: =COUNTIFS(d_Marca,$A42,d_Modelo,$B42,d_Subest,AO$7) -> 0 | AP42: =COUNTIFS(d_Marca,$A42,d_Modelo,$B42,d_Subest,AP$7) -> 0 | AQ42: =COUNTIFS(d_Marca,$A42,d_Modelo,$B42,d_Subest,AQ$7) -> 0 | AR42: =COUNTIFS(d_Marca,$A42,d_Modelo,$B42,d_Subest,AR$7) -> 0 | AS42: =COUNTIFS(d_Marca,$A42,d_Modelo,$B42,d_Subest,AS$7) -> 0 | AT42: =COUNTIFS(d_Marca,$A42,d_Modelo,$B42,d_Subest,AT$7) -> 0 | AU42: =COUNTIFS(d_Marca,$A42,d_Modelo,$B42,d_Subest,AU$7) -> 0 | ... AW42: =COUNTIFS(d_Marca,$A42,d_Modelo,$B42,d_Subest,AW$7) -> 0 | AX42: =SUM(AN42:AW42) -> 10 | AY42: =COUNTIFS(d_Marca,$A42,d_Modelo,$B42,d_Subest,AY$7) -> 0 | AZ42: =E42+H42+K42+P42+V42+AB42+AM42+AX42+AY42 -> 10
A43: GENERAL ELECTRIC | B43: MULTILIN G60 | C43: =COUNTIFS(d_Marca,$A43,d_Modelo,$B43,d_Subest,C$7) -> 0 | D43: =COUNTIFS(d_Marca,$A43,d_Modelo,$B43,d_Subest,D$7) -> 0 | E43: =SUM(C43:D43) -> 0 | F43: =COUNTIFS(d_Marca,$A43,d_Modelo,$B43,d_Subest,F$7) -> 0 | G43: =COUNTIFS(d_Marca,$A43,d_Modelo,$B43,d_Subest,G$7) -> 0 | H43: =SUM(F43:G43) -> 0 | I43: =COUNTIFS(d_Marca,$A43,d_Modelo,$B43,d_Subest,I$7) -> 0 | J43: =COUNTIFS(d_Marca,$A43,d_Modelo,$B43,d_Subest,J$7) -> 0 | K43: =SUM(I43:J43) -> 0 | L43: =COUNTIFS(d_Marca,$A43,d_Modelo,$B43,d_Subest,L$7) -> 0 | M43: =COUNTIFS(d_Marca,$A43,d_Modelo,$B43,d_Subest,M$7) -> 0 | N43: =COUNTIFS(d_Marca,$A43,d_Modelo,$B43,d_Subest,N$7) -> 0 | O43: =COUNTIFS(d_Marca,$A43,d_Modelo,$B43,d_Subest,O$7) -> 0 | P43: =SUM(L43:O43) -> 0 | Q43: =COUNTIFS(d_Marca,$A43,d_Modelo,$B43,d_Subest,Q$7) -> 0 | R43: =COUNTIFS(d_Marca,$A43,d_Modelo,$B43,d_Subest,R$7) -> 0 | S43: =COUNTIFS(d_Marca,$A43,d_Modelo,$B43,d_Subest,S$7) -> 0 | T43: =COUNTIFS(d_Marca,$A43,d_Modelo,$B43,d_Subest,T$7) -> 0 | U43: =COUNTIFS(d_Marca,$A43,d_Modelo,$B43,d_Subest,U$7) -> 0 | V43: =SUM(Q43:U43) -> 0 | W43: =COUNTIFS(d_Marca,$A43,d_Modelo,$B43,d_Subest,W$7) -> 0 | X43: =COUNTIFS(d_Marca,$A43,d_Modelo,$B43,d_Subest,X$7) -> 0 | Y43: =COUNTIFS(d_Marca,$A43,d_Modelo,$B43,d_Subest,Y$7) -> 0 | Z43: =COUNTIFS(d_Marca,$A43,d_Modelo,$B43,d_Subest,Z$7) -> 0 | AA43: =COUNTIFS(d_Marca,$A43,d_Modelo,$B43,d_Subest,AA$7) -> 0 | AB43: =SUM(W43:AA43) -> 0 | AC43: =COUNTIFS(d_Marca,$A43,d_Modelo,$B43,d_Subest,AC$7) -> 0 | AD43: =COUNTIFS(d_Marca,$A43,d_Modelo,$B43,d_Subest,AD$7) -> 0 | AE43: =COUNTIFS(d_Marca,$A43,d_Modelo,$B43,d_Subest,AE$7) -> 0 | AF43: =COUNTIFS(d_Marca,$A43,d_Modelo,$B43,d_Subest,AF$7) -> 0 | AG43: =COUNTIFS(d_Marca,$A43,d_Modelo,$B43,d_Subest,AG$7) -> 0 | AH43: =COUNTIFS(d_Marca,$A43,d_Modelo,$B43,d_Subest,AH$7) -> 0 | AI43: =COUNTIFS(d_Marca,$A43,d_Modelo,$B43,d_Subest,AI$7) -> 0 | AJ43: =COUNTIFS(d_Marca,$A43,d_Modelo,$B43,d_Subest,AJ$7) -> 0 | ... AL43: =COUNTIFS(d_Marca,$A43,d_Modelo,$B43,d_Subest,AL$7) -> 0 | AM43: =SUM(AC43:AL43) -> 0 | AN43: =COUNTIFS(d_Marca,$A43,d_Modelo,$B43,d_Subest,AN$7) -> 0 | AO43: =COUNTIFS(d_Marca,$A43,d_Modelo,$B43,d_Subest,AO$7) -> 0 | AP43: =COUNTIFS(d_Marca,$A43,d_Modelo,$B43,d_Subest,AP$7) -> 0 | AQ43: =COUNTIFS(d_Marca,$A43,d_Modelo,$B43,d_Subest,AQ$7) -> 0 | AR43: =COUNTIFS(d_Marca,$A43,d_Modelo,$B43,d_Subest,AR$7) -> 0 | AS43: =COUNTIFS(d_Marca,$A43,d_Modelo,$B43,d_Subest,AS$7) -> 0 | AT43: =COUNTIFS(d_Marca,$A43,d_Modelo,$B43,d_Subest,AT$7) -> 0 | AU43: =COUNTIFS(d_Marca,$A43,d_Modelo,$B43,d_Subest,AU$7) -> 0 | ... AW43: =COUNTIFS(d_Marca,$A43,d_Modelo,$B43,d_Subest,AW$7) -> 0 | AX43: =SUM(AN43:AW43) -> 0 | AY43: =COUNTIFS(d_Marca,$A43,d_Modelo,$B43,d_Subest,AY$7) -> 8 | AZ43: =E43+H43+K43+P43+V43+AB43+AM43+AX43+AY43 -> 8
A44: GENERAL ELECTRIC | B44: MULTILIN L90 | C44: =COUNTIFS(d_Marca,$A44,d_Modelo,$B44,d_Subest,C$7) -> 0 | D44: =COUNTIFS(d_Marca,$A44,d_Modelo,$B44,d_Subest,D$7) -> 0 | E44: =SUM(C44:D44) -> 0 | F44: =COUNTIFS(d_Marca,$A44,d_Modelo,$B44,d_Subest,F$7) -> 0 | G44: =COUNTIFS(d_Marca,$A44,d_Modelo,$B44,d_Subest,G$7) -> 0 | H44: =SUM(F44:G44) -> 0 | I44: =COUNTIFS(d_Marca,$A44,d_Modelo,$B44,d_Subest,I$7) -> 0 | J44: =COUNTIFS(d_Marca,$A44,d_Modelo,$B44,d_Subest,J$7) -> 0 | K44: =SUM(I44:J44) -> 0 | L44: =COUNTIFS(d_Marca,$A44,d_Modelo,$B44,d_Subest,L$7) -> 0 | M44: =COUNTIFS(d_Marca,$A44,d_Modelo,$B44,d_Subest,M$7) -> 0 | N44: =COUNTIFS(d_Marca,$A44,d_Modelo,$B44,d_Subest,N$7) -> 0 | O44: =COUNTIFS(d_Marca,$A44,d_Modelo,$B44,d_Subest,O$7) -> 0 | P44: =SUM(L44:O44) -> 0 | Q44: =COUNTIFS(d_Marca,$A44,d_Modelo,$B44,d_Subest,Q$7) -> 0 | R44: =COUNTIFS(d_Marca,$A44,d_Modelo,$B44,d_Subest,R$7) -> 0 | S44: =COUNTIFS(d_Marca,$A44,d_Modelo,$B44,d_Subest,S$7) -> 0 | T44: =COUNTIFS(d_Marca,$A44,d_Modelo,$B44,d_Subest,T$7) -> 0 | U44: =COUNTIFS(d_Marca,$A44,d_Modelo,$B44,d_Subest,U$7) -> 0 | V44: =SUM(Q44:U44) -> 0 | W44: =COUNTIFS(d_Marca,$A44,d_Modelo,$B44,d_Subest,W$7) -> 0 | X44: =COUNTIFS(d_Marca,$A44,d_Modelo,$B44,d_Subest,X$7) -> 0 | Y44: =COUNTIFS(d_Marca,$A44,d_Modelo,$B44,d_Subest,Y$7) -> 0 | Z44: =COUNTIFS(d_Marca,$A44,d_Modelo,$B44,d_Subest,Z$7) -> 0 | AA44: =COUNTIFS(d_Marca,$A44,d_Modelo,$B44,d_Subest,AA$7) -> 0 | AB44: =SUM(W44:AA44) -> 0 | AC44: =COUNTIFS(d_Marca,$A44,d_Modelo,$B44,d_Subest,AC$7) -> 0 | AD44: =COUNTIFS(d_Marca,$A44,d_Modelo,$B44,d_Subest,AD$7) -> 0 | AE44: =COUNTIFS(d_Marca,$A44,d_Modelo,$B44,d_Subest,AE$7) -> 0 | AF44: =COUNTIFS(d_Marca,$A44,d_Modelo,$B44,d_Subest,AF$7) -> 0 | AG44: =COUNTIFS(d_Marca,$A44,d_Modelo,$B44,d_Subest,AG$7) -> 0 | AH44: =COUNTIFS(d_Marca,$A44,d_Modelo,$B44,d_Subest,AH$7) -> 0 | AI44: =COUNTIFS(d_Marca,$A44,d_Modelo,$B44,d_Subest,AI$7) -> 0 | AJ44: =COUNTIFS(d_Marca,$A44,d_Modelo,$B44,d_Subest,AJ$7) -> 0 | ... AL44: =COUNTIFS(d_Marca,$A44,d_Modelo,$B44,d_Subest,AL$7) -> 0 | AM44: =SUM(AC44:AL44) -> 0 | AN44: =COUNTIFS(d_Marca,$A44,d_Modelo,$B44,d_Subest,AN$7) -> 0 | AO44: =COUNTIFS(d_Marca,$A44,d_Modelo,$B44,d_Subest,AO$7) -> 0 | AP44: =COUNTIFS(d_Marca,$A44,d_Modelo,$B44,d_Subest,AP$7) -> 0 | AQ44: =COUNTIFS(d_Marca,$A44,d_Modelo,$B44,d_Subest,AQ$7) -> 0 | AR44: =COUNTIFS(d_Marca,$A44,d_Modelo,$B44,d_Subest,AR$7) -> 0 | AS44: =COUNTIFS(d_Marca,$A44,d_Modelo,$B44,d_Subest,AS$7) -> 0 | AT44: =COUNTIFS(d_Marca,$A44,d_Modelo,$B44,d_Subest,AT$7) -> 0 | AU44: =COUNTIFS(d_Marca,$A44,d_Modelo,$B44,d_Subest,AU$7) -> 0 | ... AW44: =COUNTIFS(d_Marca,$A44,d_Modelo,$B44,d_Subest,AW$7) -> 2 | AX44: =SUM(AN44:AW44) -> 4 | AY44: =COUNTIFS(d_Marca,$A44,d_Modelo,$B44,d_Subest,AY$7) -> 0 | AZ44: =E44+H44+K44+P44+V44+AB44+AM44+AX44+AY44 -> 4
A45: GENERAL ELECTRIC | B45: MULTILIN T35 | C45: =COUNTIFS(d_Marca,$A45,d_Modelo,$B45,d_Subest,C$7) -> 0 | D45: =COUNTIFS(d_Marca,$A45,d_Modelo,$B45,d_Subest,D$7) -> 0 | E45: =SUM(C45:D45) -> 0 | F45: =COUNTIFS(d_Marca,$A45,d_Modelo,$B45,d_Subest,F$7) -> 0 | G45: =COUNTIFS(d_Marca,$A45,d_Modelo,$B45,d_Subest,G$7) -> 0 | H45: =SUM(F45:G45) -> 0 | I45: =COUNTIFS(d_Marca,$A45,d_Modelo,$B45,d_Subest,I$7) -> 0 | J45: =COUNTIFS(d_Marca,$A45,d_Modelo,$B45,d_Subest,J$7) -> 0 | K45: =SUM(I45:J45) -> 0 | L45: =COUNTIFS(d_Marca,$A45,d_Modelo,$B45,d_Subest,L$7) -> 0 | M45: =COUNTIFS(d_Marca,$A45,d_Modelo,$B45,d_Subest,M$7) -> 0 | N45: =COUNTIFS(d_Marca,$A45,d_Modelo,$B45,d_Subest,N$7) -> 0 | O45: =COUNTIFS(d_Marca,$A45,d_Modelo,$B45,d_Subest,O$7) -> 0 | P45: =SUM(L45:O45) -> 0 | Q45: =COUNTIFS(d_Marca,$A45,d_Modelo,$B45,d_Subest,Q$7) -> 0 | R45: =COUNTIFS(d_Marca,$A45,d_Modelo,$B45,d_Subest,R$7) -> 0 | S45: =COUNTIFS(d_Marca,$A45,d_Modelo,$B45,d_Subest,S$7) -> 0 | T45: =COUNTIFS(d_Marca,$A45,d_Modelo,$B45,d_Subest,T$7) -> 0 | U45: =COUNTIFS(d_Marca,$A45,d_Modelo,$B45,d_Subest,U$7) -> 0 | V45: =SUM(Q45:U45) -> 0 | W45: =COUNTIFS(d_Marca,$A45,d_Modelo,$B45,d_Subest,W$7) -> 0 | X45: =COUNTIFS(d_Marca,$A45,d_Modelo,$B45,d_Subest,X$7) -> 0 | Y45: =COUNTIFS(d_Marca,$A45,d_Modelo,$B45,d_Subest,Y$7) -> 0 | Z45: =COUNTIFS(d_Marca,$A45,d_Modelo,$B45,d_Subest,Z$7) -> 0 | AA45: =COUNTIFS(d_Marca,$A45,d_Modelo,$B45,d_Subest,AA$7) -> 0 | AB45: =SUM(W45:AA45) -> 0 | AC45: =COUNTIFS(d_Marca,$A45,d_Modelo,$B45,d_Subest,AC$7) -> 0 | AD45: =COUNTIFS(d_Marca,$A45,d_Modelo,$B45,d_Subest,AD$7) -> 0 | AE45: =COUNTIFS(d_Marca,$A45,d_Modelo,$B45,d_Subest,AE$7) -> 0 | AF45: =COUNTIFS(d_Marca,$A45,d_Modelo,$B45,d_Subest,AF$7) -> 0 | AG45: =COUNTIFS(d_Marca,$A45,d_Modelo,$B45,d_Subest,AG$7) -> 0 | AH45: =COUNTIFS(d_Marca,$A45,d_Modelo,$B45,d_Subest,AH$7) -> 0 | AI45: =COUNTIFS(d_Marca,$A45,d_Modelo,$B45,d_Subest,AI$7) -> 0 | AJ45: =COUNTIFS(d_Marca,$A45,d_Modelo,$B45,d_Subest,AJ$7) -> 0 | ... AL45: =COUNTIFS(d_Marca,$A45,d_Modelo,$B45,d_Subest,AL$7) -> 0 | AM45: =SUM(AC45:AL45) -> 0 | AN45: =COUNTIFS(d_Marca,$A45,d_Modelo,$B45,d_Subest,AN$7) -> 0 | AO45: =COUNTIFS(d_Marca,$A45,d_Modelo,$B45,d_Subest,AO$7) -> 0 | AP45: =COUNTIFS(d_Marca,$A45,d_Modelo,$B45,d_Subest,AP$7) -> 0 | AQ45: =COUNTIFS(d_Marca,$A45,d_Modelo,$B45,d_Subest,AQ$7) -> 0 | AR45: =COUNTIFS(d_Marca,$A45,d_Modelo,$B45,d_Subest,AR$7) -> 0 | AS45: =COUNTIFS(d_Marca,$A45,d_Modelo,$B45,d_Subest,AS$7) -> 0 | AT45: =COUNTIFS(d_Marca,$A45,d_Modelo,$B45,d_Subest,AT$7) -> 0 | AU45: =COUNTIFS(d_Marca,$A45,d_Modelo,$B45,d_Subest,AU$7) -> 0 | ... AW45: =COUNTIFS(d_Marca,$A45,d_Modelo,$B45,d_Subest,AW$7) -> 2 | AX45: =SUM(AN45:AW45) -> 4 | AY45: =COUNTIFS(d_Marca,$A45,d_Modelo,$B45,d_Subest,AY$7) -> 0 | AZ45: =E45+H45+K45+P45+V45+AB45+AM45+AX45+AY45 -> 4
A46: GENERAL ELECTRIC | B46: MULTILIN 845 | C46: =COUNTIFS(d_Marca,$A46,d_Modelo,$B46,d_Subest,C$7) -> 0 | D46: =COUNTIFS(d_Marca,$A46,d_Modelo,$B46,d_Subest,D$7) -> 0 | E46: =SUM(C46:D46) -> 0 | F46: =COUNTIFS(d_Marca,$A46,d_Modelo,$B46,d_Subest,F$7) -> 0 | G46: =COUNTIFS(d_Marca,$A46,d_Modelo,$B46,d_Subest,G$7) -> 0 | H46: =SUM(F46:G46) -> 0 | I46: =COUNTIFS(d_Marca,$A46,d_Modelo,$B46,d_Subest,I$7) -> 0 | J46: =COUNTIFS(d_Marca,$A46,d_Modelo,$B46,d_Subest,J$7) -> 0 | K46: =SUM(I46:J46) -> 0 | L46: =COUNTIFS(d_Marca,$A46,d_Modelo,$B46,d_Subest,L$7) -> 0 | M46: =COUNTIFS(d_Marca,$A46,d_Modelo,$B46,d_Subest,M$7) -> 0 | N46: =COUNTIFS(d_Marca,$A46,d_Modelo,$B46,d_Subest,N$7) -> 0 | O46: =COUNTIFS(d_Marca,$A46,d_Modelo,$B46,d_Subest,O$7) -> 0 | P46: =SUM(L46:O46) -> 0 | Q46: =COUNTIFS(d_Marca,$A46,d_Modelo,$B46,d_Subest,Q$7) -> 0 | R46: =COUNTIFS(d_Marca,$A46,d_Modelo,$B46,d_Subest,R$7) -> 0 | S46: =COUNTIFS(d_Marca,$A46,d_Modelo,$B46,d_Subest,S$7) -> 0 | T46: =COUNTIFS(d_Marca,$A46,d_Modelo,$B46,d_Subest,T$7) -> 0 | U46: =COUNTIFS(d_Marca,$A46,d_Modelo,$B46,d_Subest,U$7) -> 0 | V46: =SUM(Q46:U46) -> 0 | W46: =COUNTIFS(d_Marca,$A46,d_Modelo,$B46,d_Subest,W$7) -> 0 | X46: =COUNTIFS(d_Marca,$A46,d_Modelo,$B46,d_Subest,X$7) -> 0 | Y46: =COUNTIFS(d_Marca,$A46,d_Modelo,$B46,d_Subest,Y$7) -> 0 | Z46: =COUNTIFS(d_Marca,$A46,d_Modelo,$B46,d_Subest,Z$7) -> 0 | AA46: =COUNTIFS(d_Marca,$A46,d_Modelo,$B46,d_Subest,AA$7) -> 0 | AB46: =SUM(W46:AA46) -> 0 | AC46: =COUNTIFS(d_Marca,$A46,d_Modelo,$B46,d_Subest,AC$7) -> 0 | AD46: =COUNTIFS(d_Marca,$A46,d_Modelo,$B46,d_Subest,AD$7) -> 0 | AE46: =COUNTIFS(d_Marca,$A46,d_Modelo,$B46,d_Subest,AE$7) -> 0 | AF46: =COUNTIFS(d_Marca,$A46,d_Modelo,$B46,d_Subest,AF$7) -> 0 | AG46: =COUNTIFS(d_Marca,$A46,d_Modelo,$B46,d_Subest,AG$7) -> 0 | AH46: =COUNTIFS(d_Marca,$A46,d_Modelo,$B46,d_Subest,AH$7) -> 0 | AI46: =COUNTIFS(d_Marca,$A46,d_Modelo,$B46,d_Subest,AI$7) -> 0 | AJ46: =COUNTIFS(d_Marca,$A46,d_Modelo,$B46,d_Subest,AJ$7) -> 0 | ... AL46: =COUNTIFS(d_Marca,$A46,d_Modelo,$B46,d_Subest,AL$7) -> 0 | AM46: =SUM(AC46:AL46) -> 0 | AN46: =COUNTIFS(d_Marca,$A46,d_Modelo,$B46,d_Subest,AN$7) -> 0 | AO46: =COUNTIFS(d_Marca,$A46,d_Modelo,$B46,d_Subest,AO$7) -> 0 | AP46: =COUNTIFS(d_Marca,$A46,d_Modelo,$B46,d_Subest,AP$7) -> 0 | AQ46: =COUNTIFS(d_Marca,$A46,d_Modelo,$B46,d_Subest,AQ$7) -> 0 | AR46: =COUNTIFS(d_Marca,$A46,d_Modelo,$B46,d_Subest,AR$7) -> 0 | AS46: =COUNTIFS(d_Marca,$A46,d_Modelo,$B46,d_Subest,AS$7) -> 0 | AT46: =COUNTIFS(d_Marca,$A46,d_Modelo,$B46,d_Subest,AT$7) -> 0 | AU46: =COUNTIFS(d_Marca,$A46,d_Modelo,$B46,d_Subest,AU$7) -> 0 | ... AW46: =COUNTIFS(d_Marca,$A46,d_Modelo,$B46,d_Subest,AW$7) -> 0 | AX46: =SUM(AN46:AW46) -> 1 | AY46: =COUNTIFS(d_Marca,$A46,d_Modelo,$B46,d_Subest,AY$7) -> 0 | AZ46: =E46+H46+K46+P46+V46+AB46+AM46+AX46+AY46 -> 1
A47: SIEMENS | B47: Total SIEMENS | C47: =COUNTIFS(d_Marca,$A47,d_Subest,C$7) -> 0 | D47: =COUNTIFS(d_Marca,$A47,d_Subest,D$7) -> 0 | E47: =SUM(C47:D47) -> 0 | F47: =COUNTIFS(d_Marca,$A47,d_Subest,F$7) -> 0 | G47: =COUNTIFS(d_Marca,$A47,d_Subest,G$7) -> 0 | H47: =SUM(F47:G47) -> 0 | I47: =COUNTIFS(d_Marca,$A47,d_Subest,I$7) -> 2 | J47: =COUNTIFS(d_Marca,$A47,d_Subest,J$7) -> 0 | K47: =SUM(I47:J47) -> 2 | L47: =COUNTIFS(d_Marca,$A47,d_Subest,L$7) -> 0 | M47: =COUNTIFS(d_Marca,$A47,d_Subest,M$7) -> 2 | N47: =COUNTIFS(d_Marca,$A47,d_Subest,N$7) -> 2 | O47: =COUNTIFS(d_Marca,$A47,d_Subest,O$7) -> 2 | P47: =SUM(L47:O47) -> 6 | Q47: =COUNTIFS(d_Marca,$A47,d_Subest,Q$7) -> 2 | R47: =COUNTIFS(d_Marca,$A47,d_Subest,R$7) -> 2 | S47: =COUNTIFS(d_Marca,$A47,d_Subest,S$7) -> 0 | T47: =COUNTIFS(d_Marca,$A47,d_Subest,T$7) -> 0 | U47: =COUNTIFS(d_Marca,$A47,d_Subest,U$7) -> 2 | V47: =SUM(Q47:U47) -> 6 | W47: =COUNTIFS(d_Marca,$A47,d_Subest,W$7) -> 0 | X47: =COUNTIFS(d_Marca,$A47,d_Subest,X$7) -> 0 | Y47: =COUNTIFS(d_Marca,$A47,d_Subest,Y$7) -> 0 | Z47: =COUNTIFS(d_Marca,$A47,d_Subest,Z$7) -> 0 | AA47: =COUNTIFS(d_Marca,$A47,d_Subest,AA$7) -> 0 | AB47: =SUM(W47:AA47) -> 0 | AC47: =COUNTIFS(d_Marca,$A47,d_Subest,AC$7) -> 0 | AD47: =COUNTIFS(d_Marca,$A47,d_Subest,AD$7) -> 11 | AE47: =COUNTIFS(d_Marca,$A47,d_Subest,AE$7) -> 11 | AF47: =COUNTIFS(d_Marca,$A47,d_Subest,AF$7) -> 0 | AG47: =COUNTIFS(d_Marca,$A47,d_Subest,AG$7) -> 21 | AH47: =COUNTIFS(d_Marca,$A47,d_Subest,AH$7) -> 9 | AI47: =COUNTIFS(d_Marca,$A47,d_Subest,AI$7) -> 20 | AJ47: =COUNTIFS(d_Marca,$A47,d_Subest,AJ$7) -> 6 | ... AL47: =COUNTIFS(d_Marca,$A47,d_Subest,AL$7) -> 13 | AM47: =SUM(AC47:AL47) -> 97 | AN47: =COUNTIFS(d_Marca,$A47,d_Subest,AN$7) -> 11 | AO47: =COUNTIFS(d_Marca,$A47,d_Subest,AO$7) -> 0 | AP47: =COUNTIFS(d_Marca,$A47,d_Subest,AP$7) -> 11 | AQ47: =COUNTIFS(d_Marca,$A47,d_Subest,AQ$7) -> 15 | AR47: =COUNTIFS(d_Marca,$A47,d_Subest,AR$7) -> 0 | AS47: =COUNTIFS(d_Marca,$A47,d_Subest,AS$7) -> 0 | AT47: =COUNTIFS(d_Marca,$A47,d_Subest,AT$7) -> 7 | AU47: =COUNTIFS(d_Marca,$A47,d_Subest,AU$7) -> 4 | ... AW47: =COUNTIFS(d_Marca,$A47,d_Subest,AW$7) -> 23 | AX47: =SUM(AN47:AW47) -> 71 | AY47: =COUNTIFS(d_Marca,$A47,d_Subest,AY$7) -> 100 | AZ47: =E47+H47+K47+P47+V47+AB47+AM47+AX47+AY47 -> 282
A48: SIEMENS | B48: REYROLLE | C48: =COUNTIFS(d_Marca,$A48,d_Modelo,$B48,d_Subest,C$7) -> 0 | D48: =COUNTIFS(d_Marca,$A48,d_Modelo,$B48,d_Subest,D$7) -> 0 | E48: =SUM(C48:D48) -> 0 | F48: =COUNTIFS(d_Marca,$A48,d_Modelo,$B48,d_Subest,F$7) -> 0 | G48: =COUNTIFS(d_Marca,$A48,d_Modelo,$B48,d_Subest,G$7) -> 0 | H48: =SUM(F48:G48) -> 0 | I48: =COUNTIFS(d_Marca,$A48,d_Modelo,$B48,d_Subest,I$7) -> 0 | J48: =COUNTIFS(d_Marca,$A48,d_Modelo,$B48,d_Subest,J$7) -> 0 | K48: =SUM(I48:J48) -> 0 | L48: =COUNTIFS(d_Marca,$A48,d_Modelo,$B48,d_Subest,L$7) -> 0 | M48: =COUNTIFS(d_Marca,$A48,d_Modelo,$B48,d_Subest,M$7) -> 2 | N48: =COUNTIFS(d_Marca,$A48,d_Modelo,$B48,d_Subest,N$7) -> 2 | O48: =COUNTIFS(d_Marca,$A48,d_Modelo,$B48,d_Subest,O$7) -> 2 | P48: =SUM(L48:O48) -> 6 | Q48: =COUNTIFS(d_Marca,$A48,d_Modelo,$B48,d_Subest,Q$7) -> 0 | R48: =COUNTIFS(d_Marca,$A48,d_Modelo,$B48,d_Subest,R$7) -> 0 | S48: =COUNTIFS(d_Marca,$A48,d_Modelo,$B48,d_Subest,S$7) -> 0 | T48: =COUNTIFS(d_Marca,$A48,d_Modelo,$B48,d_Subest,T$7) -> 0 | U48: =COUNTIFS(d_Marca,$A48,d_Modelo,$B48,d_Subest,U$7) -> 0 | V48: =SUM(Q48:U48) -> 0 | W48: =COUNTIFS(d_Marca,$A48,d_Modelo,$B48,d_Subest,W$7) -> 0 | X48: =COUNTIFS(d_Marca,$A48,d_Modelo,$B48,d_Subest,X$7) -> 0 | Y48: =COUNTIFS(d_Marca,$A48,d_Modelo,$B48,d_Subest,Y$7) -> 0 | Z48: =COUNTIFS(d_Marca,$A48,d_Modelo,$B48,d_Subest,Z$7) -> 0 | AA48: =COUNTIFS(d_Marca,$A48,d_Modelo,$B48,d_Subest,AA$7) -> 0 | AB48: =SUM(W48:AA48) -> 0 | AC48: =COUNTIFS(d_Marca,$A48,d_Modelo,$B48,d_Subest,AC$7) -> 0 | AD48: =COUNTIFS(d_Marca,$A48,d_Modelo,$B48,d_Subest,AD$7) -> 11 | AE48: =COUNTIFS(d_Marca,$A48,d_Modelo,$B48,d_Subest,AE$7) -> 7 | AF48: =COUNTIFS(d_Marca,$A48,d_Modelo,$B48,d_Subest,AF$7) -> 0 | AG48: =COUNTIFS(d_Marca,$A48,d_Modelo,$B48,d_Subest,AG$7) -> 15 | AH48: =COUNTIFS(d_Marca,$A48,d_Modelo,$B48,d_Subest,AH$7) -> 5 | AI48: =COUNTIFS(d_Marca,$A48,d_Modelo,$B48,d_Subest,AI$7) -> 15 | AJ48: =COUNTIFS(d_Marca,$A48,d_Modelo,$B48,d_Subest,AJ$7) -> 3 | ... AL48: =COUNTIFS(d_Marca,$A48,d_Modelo,$B48,d_Subest,AL$7) -> 9 | AM48: =SUM(AC48:AL48) -> 67 | AN48: =COUNTIFS(d_Marca,$A48,d_Modelo,$B48,d_Subest,AN$7) -> 0 | AO48: =COUNTIFS(d_Marca,$A48,d_Modelo,$B48,d_Subest,AO$7) -> 0 | AP48: =COUNTIFS(d_Marca,$A48,d_Modelo,$B48,d_Subest,AP$7) -> 0 | AQ48: =COUNTIFS(d_Marca,$A48,d_Modelo,$B48,d_Subest,AQ$7) -> 0 | AR48: =COUNTIFS(d_Marca,$A48,d_Modelo,$B48,d_Subest,AR$7) -> 0 | AS48: =COUNTIFS(d_Marca,$A48,d_Modelo,$B48,d_Subest,AS$7) -> 0 | AT48: =COUNTIFS(d_Marca,$A48,d_Modelo,$B48,d_Subest,AT$7) -> 0 | AU48: =COUNTIFS(d_Marca,$A48,d_Modelo,$B48,d_Subest,AU$7) -> 0 | ... AW48: =COUNTIFS(d_Marca,$A48,d_Modelo,$B48,d_Subest,AW$7) -> 0 | AX48: =SUM(AN48:AW48) -> 0 | AY48: =COUNTIFS(d_Marca,$A48,d_Modelo,$B48,d_Subest,AY$7) -> 62 | AZ48: =E48+H48+K48+P48+V48+AB48+AM48+AX48+AY48 -> 135
A49: SIEMENS | B49: 7SR5111 | C49: =COUNTIFS(d_Marca,$A49,d_Modelo,$B49,d_Subest,C$7) -> 0 | D49: =COUNTIFS(d_Marca,$A49,d_Modelo,$B49,d_Subest,D$7) -> 0 | E49: =SUM(C49:D49) -> 0 | F49: =COUNTIFS(d_Marca,$A49,d_Modelo,$B49,d_Subest,F$7) -> 0 | G49: =COUNTIFS(d_Marca,$A49,d_Modelo,$B49,d_Subest,G$7) -> 0 | H49: =SUM(F49:G49) -> 0 | I49: =COUNTIFS(d_Marca,$A49,d_Modelo,$B49,d_Subest,I$7) -> 0 | J49: =COUNTIFS(d_Marca,$A49,d_Modelo,$B49,d_Subest,J$7) -> 0 | K49: =SUM(I49:J49) -> 0 | L49: =COUNTIFS(d_Marca,$A49,d_Modelo,$B49,d_Subest,L$7) -> 0 | M49: =COUNTIFS(d_Marca,$A49,d_Modelo,$B49,d_Subest,M$7) -> 0 | N49: =COUNTIFS(d_Marca,$A49,d_Modelo,$B49,d_Subest,N$7) -> 0 | O49: =COUNTIFS(d_Marca,$A49,d_Modelo,$B49,d_Subest,O$7) -> 0 | P49: =SUM(L49:O49) -> 0 | Q49: =COUNTIFS(d_Marca,$A49,d_Modelo,$B49,d_Subest,Q$7) -> 0 | R49: =COUNTIFS(d_Marca,$A49,d_Modelo,$B49,d_Subest,R$7) -> 0 | S49: =COUNTIFS(d_Marca,$A49,d_Modelo,$B49,d_Subest,S$7) -> 0 | T49: =COUNTIFS(d_Marca,$A49,d_Modelo,$B49,d_Subest,T$7) -> 0 | U49: =COUNTIFS(d_Marca,$A49,d_Modelo,$B49,d_Subest,U$7) -> 0 | V49: =SUM(Q49:U49) -> 0 | W49: =COUNTIFS(d_Marca,$A49,d_Modelo,$B49,d_Subest,W$7) -> 0 | X49: =COUNTIFS(d_Marca,$A49,d_Modelo,$B49,d_Subest,X$7) -> 0 | Y49: =COUNTIFS(d_Marca,$A49,d_Modelo,$B49,d_Subest,Y$7) -> 0 | Z49: =COUNTIFS(d_Marca,$A49,d_Modelo,$B49,d_Subest,Z$7) -> 0 | AA49: =COUNTIFS(d_Marca,$A49,d_Modelo,$B49,d_Subest,AA$7) -> 0 | AB49: =SUM(W49:AA49) -> 0 | AC49: =COUNTIFS(d_Marca,$A49,d_Modelo,$B49,d_Subest,AC$7) -> 0 | AD49: =COUNTIFS(d_Marca,$A49,d_Modelo,$B49,d_Subest,AD$7) -> 0 | AE49: =COUNTIFS(d_Marca,$A49,d_Modelo,$B49,d_Subest,AE$7) -> 0 | AF49: =COUNTIFS(d_Marca,$A49,d_Modelo,$B49,d_Subest,AF$7) -> 0 | AG49: =COUNTIFS(d_Marca,$A49,d_Modelo,$B49,d_Subest,AG$7) -> 0 | AH49: =COUNTIFS(d_Marca,$A49,d_Modelo,$B49,d_Subest,AH$7) -> 0 | AI49: =COUNTIFS(d_Marca,$A49,d_Modelo,$B49,d_Subest,AI$7) -> 0 | AJ49: =COUNTIFS(d_Marca,$A49,d_Modelo,$B49,d_Subest,AJ$7) -> 0 | ... AL49: =COUNTIFS(d_Marca,$A49,d_Modelo,$B49,d_Subest,AL$7) -> 0 | AM49: =SUM(AC49:AL49) -> 0 | AN49: =COUNTIFS(d_Marca,$A49,d_Modelo,$B49,d_Subest,AN$7) -> 2 | AO49: =COUNTIFS(d_Marca,$A49,d_Modelo,$B49,d_Subest,AO$7) -> 0 | AP49: =COUNTIFS(d_Marca,$A49,d_Modelo,$B49,d_Subest,AP$7) -> 0 | AQ49: =COUNTIFS(d_Marca,$A49,d_Modelo,$B49,d_Subest,AQ$7) -> 13 | AR49: =COUNTIFS(d_Marca,$A49,d_Modelo,$B49,d_Subest,AR$7) -> 0 | AS49: =COUNTIFS(d_Marca,$A49,d_Modelo,$B49,d_Subest,AS$7) -> 0 | AT49: =COUNTIFS(d_Marca,$A49,d_Modelo,$B49,d_Subest,AT$7) -> 5 | AU49: =COUNTIFS(d_Marca,$A49,d_Modelo,$B49,d_Subest,AU$7) -> 0 | ... AW49: =COUNTIFS(d_Marca,$A49,d_Modelo,$B49,d_Subest,AW$7) -> 20 | AX49: =SUM(AN49:AW49) -> 40 | AY49: =COUNTIFS(d_Marca,$A49,d_Modelo,$B49,d_Subest,AY$7) -> 5 | AZ49: =E49+H49+K49+P49+V49+AB49+AM49+AX49+AY49 -> 45
A50: SIEMENS | B50: 7SR5711 | C50: =COUNTIFS(d_Marca,$A50,d_Modelo,$B50,d_Subest,C$7) -> 0 | D50: =COUNTIFS(d_Marca,$A50,d_Modelo,$B50,d_Subest,D$7) -> 0 | E50: =SUM(C50:D50) -> 0 | F50: =COUNTIFS(d_Marca,$A50,d_Modelo,$B50,d_Subest,F$7) -> 0 | G50: =COUNTIFS(d_Marca,$A50,d_Modelo,$B50,d_Subest,G$7) -> 0 | H50: =SUM(F50:G50) -> 0 | I50: =COUNTIFS(d_Marca,$A50,d_Modelo,$B50,d_Subest,I$7) -> 0 | J50: =COUNTIFS(d_Marca,$A50,d_Modelo,$B50,d_Subest,J$7) -> 0 | K50: =SUM(I50:J50) -> 0 | L50: =COUNTIFS(d_Marca,$A50,d_Modelo,$B50,d_Subest,L$7) -> 0 | M50: =COUNTIFS(d_Marca,$A50,d_Modelo,$B50,d_Subest,M$7) -> 0 | N50: =COUNTIFS(d_Marca,$A50,d_Modelo,$B50,d_Subest,N$7) -> 0 | O50: =COUNTIFS(d_Marca,$A50,d_Modelo,$B50,d_Subest,O$7) -> 0 | P50: =SUM(L50:O50) -> 0 | Q50: =COUNTIFS(d_Marca,$A50,d_Modelo,$B50,d_Subest,Q$7) -> 0 | R50: =COUNTIFS(d_Marca,$A50,d_Modelo,$B50,d_Subest,R$7) -> 0 | S50: =COUNTIFS(d_Marca,$A50,d_Modelo,$B50,d_Subest,S$7) -> 0 | T50: =COUNTIFS(d_Marca,$A50,d_Modelo,$B50,d_Subest,T$7) -> 0 | U50: =COUNTIFS(d_Marca,$A50,d_Modelo,$B50,d_Subest,U$7) -> 0 | V50: =SUM(Q50:U50) -> 0 | W50: =COUNTIFS(d_Marca,$A50,d_Modelo,$B50,d_Subest,W$7) -> 0 | X50: =COUNTIFS(d_Marca,$A50,d_Modelo,$B50,d_Subest,X$7) -> 0 | Y50: =COUNTIFS(d_Marca,$A50,d_Modelo,$B50,d_Subest,Y$7) -> 0 | Z50: =COUNTIFS(d_Marca,$A50,d_Modelo,$B50,d_Subest,Z$7) -> 0 | AA50: =COUNTIFS(d_Marca,$A50,d_Modelo,$B50,d_Subest,AA$7) -> 0 | AB50: =SUM(W50:AA50) -> 0 | AC50: =COUNTIFS(d_Marca,$A50,d_Modelo,$B50,d_Subest,AC$7) -> 0 | AD50: =COUNTIFS(d_Marca,$A50,d_Modelo,$B50,d_Subest,AD$7) -> 0 | AE50: =COUNTIFS(d_Marca,$A50,d_Modelo,$B50,d_Subest,AE$7) -> 0 | AF50: =COUNTIFS(d_Marca,$A50,d_Modelo,$B50,d_Subest,AF$7) -> 0 | AG50: =COUNTIFS(d_Marca,$A50,d_Modelo,$B50,d_Subest,AG$7) -> 0 | AH50: =COUNTIFS(d_Marca,$A50,d_Modelo,$B50,d_Subest,AH$7) -> 0 | AI50: =COUNTIFS(d_Marca,$A50,d_Modelo,$B50,d_Subest,AI$7) -> 0 | AJ50: =COUNTIFS(d_Marca,$A50,d_Modelo,$B50,d_Subest,AJ$7) -> 0 | ... AL50: =COUNTIFS(d_Marca,$A50,d_Modelo,$B50,d_Subest,AL$7) -> 0 | AM50: =SUM(AC50:AL50) -> 0 | AN50: =COUNTIFS(d_Marca,$A50,d_Modelo,$B50,d_Subest,AN$7) -> 0 | AO50: =COUNTIFS(d_Marca,$A50,d_Modelo,$B50,d_Subest,AO$7) -> 0 | AP50: =COUNTIFS(d_Marca,$A50,d_Modelo,$B50,d_Subest,AP$7) -> 9 | AQ50: =COUNTIFS(d_Marca,$A50,d_Modelo,$B50,d_Subest,AQ$7) -> 0 | AR50: =COUNTIFS(d_Marca,$A50,d_Modelo,$B50,d_Subest,AR$7) -> 0 | AS50: =COUNTIFS(d_Marca,$A50,d_Modelo,$B50,d_Subest,AS$7) -> 0 | AT50: =COUNTIFS(d_Marca,$A50,d_Modelo,$B50,d_Subest,AT$7) -> 0 | AU50: =COUNTIFS(d_Marca,$A50,d_Modelo,$B50,d_Subest,AU$7) -> 3 | ... AW50: =COUNTIFS(d_Marca,$A50,d_Modelo,$B50,d_Subest,AW$7) -> 0 | AX50: =SUM(AN50:AW50) -> 12 | AY50: =COUNTIFS(d_Marca,$A50,d_Modelo,$B50,d_Subest,AY$7) -> 33 | AZ50: =E50+H50+K50+P50+V50+AB50+AM50+AX50+AY50 -> 45
A51: SIEMENS | B51: SENTRON | C51: =COUNTIFS(d_Marca,$A51,d_Modelo,$B51,d_Subest,C$7) -> 0 | D51: =COUNTIFS(d_Marca,$A51,d_Modelo,$B51,d_Subest,D$7) -> 0 | E51: =SUM(C51:D51) -> 0 | F51: =COUNTIFS(d_Marca,$A51,d_Modelo,$B51,d_Subest,F$7) -> 0 | G51: =COUNTIFS(d_Marca,$A51,d_Modelo,$B51,d_Subest,G$7) -> 0 | H51: =SUM(F51:G51) -> 0 | I51: =COUNTIFS(d_Marca,$A51,d_Modelo,$B51,d_Subest,I$7) -> 0 | J51: =COUNTIFS(d_Marca,$A51,d_Modelo,$B51,d_Subest,J$7) -> 0 | K51: =SUM(I51:J51) -> 0 | L51: =COUNTIFS(d_Marca,$A51,d_Modelo,$B51,d_Subest,L$7) -> 0 | M51: =COUNTIFS(d_Marca,$A51,d_Modelo,$B51,d_Subest,M$7) -> 0 | N51: =COUNTIFS(d_Marca,$A51,d_Modelo,$B51,d_Subest,N$7) -> 0 | O51: =COUNTIFS(d_Marca,$A51,d_Modelo,$B51,d_Subest,O$7) -> 0 | P51: =SUM(L51:O51) -> 0 | Q51: =COUNTIFS(d_Marca,$A51,d_Modelo,$B51,d_Subest,Q$7) -> 0 | R51: =COUNTIFS(d_Marca,$A51,d_Modelo,$B51,d_Subest,R$7) -> 0 | S51: =COUNTIFS(d_Marca,$A51,d_Modelo,$B51,d_Subest,S$7) -> 0 | T51: =COUNTIFS(d_Marca,$A51,d_Modelo,$B51,d_Subest,T$7) -> 0 | U51: =COUNTIFS(d_Marca,$A51,d_Modelo,$B51,d_Subest,U$7) -> 0 | V51: =SUM(Q51:U51) -> 0 | W51: =COUNTIFS(d_Marca,$A51,d_Modelo,$B51,d_Subest,W$7) -> 0 | X51: =COUNTIFS(d_Marca,$A51,d_Modelo,$B51,d_Subest,X$7) -> 0 | Y51: =COUNTIFS(d_Marca,$A51,d_Modelo,$B51,d_Subest,Y$7) -> 0 | Z51: =COUNTIFS(d_Marca,$A51,d_Modelo,$B51,d_Subest,Z$7) -> 0 | AA51: =COUNTIFS(d_Marca,$A51,d_Modelo,$B51,d_Subest,AA$7) -> 0 | AB51: =SUM(W51:AA51) -> 0 | AC51: =COUNTIFS(d_Marca,$A51,d_Modelo,$B51,d_Subest,AC$7) -> 0 | AD51: =COUNTIFS(d_Marca,$A51,d_Modelo,$B51,d_Subest,AD$7) -> 0 | AE51: =COUNTIFS(d_Marca,$A51,d_Modelo,$B51,d_Subest,AE$7) -> 4 | AF51: =COUNTIFS(d_Marca,$A51,d_Modelo,$B51,d_Subest,AF$7) -> 0 | AG51: =COUNTIFS(d_Marca,$A51,d_Modelo,$B51,d_Subest,AG$7) -> 6 | AH51: =COUNTIFS(d_Marca,$A51,d_Modelo,$B51,d_Subest,AH$7) -> 4 | AI51: =COUNTIFS(d_Marca,$A51,d_Modelo,$B51,d_Subest,AI$7) -> 5 | AJ51: =COUNTIFS(d_Marca,$A51,d_Modelo,$B51,d_Subest,AJ$7) -> 3 | ... AL51: =COUNTIFS(d_Marca,$A51,d_Modelo,$B51,d_Subest,AL$7) -> 4 | AM51: =SUM(AC51:AL51) -> 30 | AN51: =COUNTIFS(d_Marca,$A51,d_Modelo,$B51,d_Subest,AN$7) -> 0 | AO51: =COUNTIFS(d_Marca,$A51,d_Modelo,$B51,d_Subest,AO$7) -> 0 | AP51: =COUNTIFS(d_Marca,$A51,d_Modelo,$B51,d_Subest,AP$7) -> 0 | AQ51: =COUNTIFS(d_Marca,$A51,d_Modelo,$B51,d_Subest,AQ$7) -> 0 | AR51: =COUNTIFS(d_Marca,$A51,d_Modelo,$B51,d_Subest,AR$7) -> 0 | AS51: =COUNTIFS(d_Marca,$A51,d_Modelo,$B51,d_Subest,AS$7) -> 0 | AT51: =COUNTIFS(d_Marca,$A51,d_Modelo,$B51,d_Subest,AT$7) -> 0 | AU51: =COUNTIFS(d_Marca,$A51,d_Modelo,$B51,d_Subest,AU$7) -> 0 | ... AW51: =COUNTIFS(d_Marca,$A51,d_Modelo,$B51,d_Subest,AW$7) -> 0 | AX51: =SUM(AN51:AW51) -> 0 | AY51: =COUNTIFS(d_Marca,$A51,d_Modelo,$B51,d_Subest,AY$7) -> 0 | AZ51: =E51+H51+K51+P51+V51+AB51+AM51+AX51+AY51 -> 30
A52: SIEMENS | B52: 7SR5421 | C52: =COUNTIFS(d_Marca,$A52,d_Modelo,$B52,d_Subest,C$7) -> 0 | D52: =COUNTIFS(d_Marca,$A52,d_Modelo,$B52,d_Subest,D$7) -> 0 | E52: =SUM(C52:D52) -> 0 | F52: =COUNTIFS(d_Marca,$A52,d_Modelo,$B52,d_Subest,F$7) -> 0 | G52: =COUNTIFS(d_Marca,$A52,d_Modelo,$B52,d_Subest,G$7) -> 0 | H52: =SUM(F52:G52) -> 0 | I52: =COUNTIFS(d_Marca,$A52,d_Modelo,$B52,d_Subest,I$7) -> 0 | J52: =COUNTIFS(d_Marca,$A52,d_Modelo,$B52,d_Subest,J$7) -> 0 | K52: =SUM(I52:J52) -> 0 | L52: =COUNTIFS(d_Marca,$A52,d_Modelo,$B52,d_Subest,L$7) -> 0 | M52: =COUNTIFS(d_Marca,$A52,d_Modelo,$B52,d_Subest,M$7) -> 0 | N52: =COUNTIFS(d_Marca,$A52,d_Modelo,$B52,d_Subest,N$7) -> 0 | O52: =COUNTIFS(d_Marca,$A52,d_Modelo,$B52,d_Subest,O$7) -> 0 | P52: =SUM(L52:O52) -> 0 | Q52: =COUNTIFS(d_Marca,$A52,d_Modelo,$B52,d_Subest,Q$7) -> 0 | R52: =COUNTIFS(d_Marca,$A52,d_Modelo,$B52,d_Subest,R$7) -> 0 | S52: =COUNTIFS(d_Marca,$A52,d_Modelo,$B52,d_Subest,S$7) -> 0 | T52: =COUNTIFS(d_Marca,$A52,d_Modelo,$B52,d_Subest,T$7) -> 0 | U52: =COUNTIFS(d_Marca,$A52,d_Modelo,$B52,d_Subest,U$7) -> 0 | V52: =SUM(Q52:U52) -> 0 | W52: =COUNTIFS(d_Marca,$A52,d_Modelo,$B52,d_Subest,W$7) -> 0 | X52: =COUNTIFS(d_Marca,$A52,d_Modelo,$B52,d_Subest,X$7) -> 0 | Y52: =COUNTIFS(d_Marca,$A52,d_Modelo,$B52,d_Subest,Y$7) -> 0 | Z52: =COUNTIFS(d_Marca,$A52,d_Modelo,$B52,d_Subest,Z$7) -> 0 | AA52: =COUNTIFS(d_Marca,$A52,d_Modelo,$B52,d_Subest,AA$7) -> 0 | AB52: =SUM(W52:AA52) -> 0 | AC52: =COUNTIFS(d_Marca,$A52,d_Modelo,$B52,d_Subest,AC$7) -> 0 | AD52: =COUNTIFS(d_Marca,$A52,d_Modelo,$B52,d_Subest,AD$7) -> 0 | AE52: =COUNTIFS(d_Marca,$A52,d_Modelo,$B52,d_Subest,AE$7) -> 0 | AF52: =COUNTIFS(d_Marca,$A52,d_Modelo,$B52,d_Subest,AF$7) -> 0 | AG52: =COUNTIFS(d_Marca,$A52,d_Modelo,$B52,d_Subest,AG$7) -> 0 | AH52: =COUNTIFS(d_Marca,$A52,d_Modelo,$B52,d_Subest,AH$7) -> 0 | AI52: =COUNTIFS(d_Marca,$A52,d_Modelo,$B52,d_Subest,AI$7) -> 0 | AJ52: =COUNTIFS(d_Marca,$A52,d_Modelo,$B52,d_Subest,AJ$7) -> 0 | ... AL52: =COUNTIFS(d_Marca,$A52,d_Modelo,$B52,d_Subest,AL$7) -> 0 | AM52: =SUM(AC52:AL52) -> 0 | AN52: =COUNTIFS(d_Marca,$A52,d_Modelo,$B52,d_Subest,AN$7) -> 8 | AO52: =COUNTIFS(d_Marca,$A52,d_Modelo,$B52,d_Subest,AO$7) -> 0 | AP52: =COUNTIFS(d_Marca,$A52,d_Modelo,$B52,d_Subest,AP$7) -> 0 | AQ52: =COUNTIFS(d_Marca,$A52,d_Modelo,$B52,d_Subest,AQ$7) -> 0 | AR52: =COUNTIFS(d_Marca,$A52,d_Modelo,$B52,d_Subest,AR$7) -> 0 | AS52: =COUNTIFS(d_Marca,$A52,d_Modelo,$B52,d_Subest,AS$7) -> 0 | AT52: =COUNTIFS(d_Marca,$A52,d_Modelo,$B52,d_Subest,AT$7) -> 0 | AU52: =COUNTIFS(d_Marca,$A52,d_Modelo,$B52,d_Subest,AU$7) -> 0 | ... AW52: =COUNTIFS(d_Marca,$A52,d_Modelo,$B52,d_Subest,AW$7) -> 0 | AX52: =SUM(AN52:AW52) -> 8 | AY52: =COUNTIFS(d_Marca,$A52,d_Modelo,$B52,d_Subest,AY$7) -> 0 | AZ52: =E52+H52+K52+P52+V52+AB52+AM52+AX52+AY52 -> 8
A53: SIEMENS | B53: 7SR5420 | C53: =COUNTIFS(d_Marca,$A53,d_Modelo,$B53,d_Subest,C$7) -> 0 | D53: =COUNTIFS(d_Marca,$A53,d_Modelo,$B53,d_Subest,D$7) -> 0 | E53: =SUM(C53:D53) -> 0 | F53: =COUNTIFS(d_Marca,$A53,d_Modelo,$B53,d_Subest,F$7) -> 0 | G53: =COUNTIFS(d_Marca,$A53,d_Modelo,$B53,d_Subest,G$7) -> 0 | H53: =SUM(F53:G53) -> 0 | I53: =COUNTIFS(d_Marca,$A53,d_Modelo,$B53,d_Subest,I$7) -> 0 | J53: =COUNTIFS(d_Marca,$A53,d_Modelo,$B53,d_Subest,J$7) -> 0 | K53: =SUM(I53:J53) -> 0 | L53: =COUNTIFS(d_Marca,$A53,d_Modelo,$B53,d_Subest,L$7) -> 0 | M53: =COUNTIFS(d_Marca,$A53,d_Modelo,$B53,d_Subest,M$7) -> 0 | N53: =COUNTIFS(d_Marca,$A53,d_Modelo,$B53,d_Subest,N$7) -> 0 | O53: =COUNTIFS(d_Marca,$A53,d_Modelo,$B53,d_Subest,O$7) -> 0 | P53: =SUM(L53:O53) -> 0 | Q53: =COUNTIFS(d_Marca,$A53,d_Modelo,$B53,d_Subest,Q$7) -> 0 | R53: =COUNTIFS(d_Marca,$A53,d_Modelo,$B53,d_Subest,R$7) -> 0 | S53: =COUNTIFS(d_Marca,$A53,d_Modelo,$B53,d_Subest,S$7) -> 0 | T53: =COUNTIFS(d_Marca,$A53,d_Modelo,$B53,d_Subest,T$7) -> 0 | U53: =COUNTIFS(d_Marca,$A53,d_Modelo,$B53,d_Subest,U$7) -> 0 | V53: =SUM(Q53:U53) -> 0 | W53: =COUNTIFS(d_Marca,$A53,d_Modelo,$B53,d_Subest,W$7) -> 0 | X53: =COUNTIFS(d_Marca,$A53,d_Modelo,$B53,d_Subest,X$7) -> 0 | Y53: =COUNTIFS(d_Marca,$A53,d_Modelo,$B53,d_Subest,Y$7) -> 0 | Z53: =COUNTIFS(d_Marca,$A53,d_Modelo,$B53,d_Subest,Z$7) -> 0 | AA53: =COUNTIFS(d_Marca,$A53,d_Modelo,$B53,d_Subest,AA$7) -> 0 | AB53: =SUM(W53:AA53) -> 0 | AC53: =COUNTIFS(d_Marca,$A53,d_Modelo,$B53,d_Subest,AC$7) -> 0 | AD53: =COUNTIFS(d_Marca,$A53,d_Modelo,$B53,d_Subest,AD$7) -> 0 | AE53: =COUNTIFS(d_Marca,$A53,d_Modelo,$B53,d_Subest,AE$7) -> 0 | AF53: =COUNTIFS(d_Marca,$A53,d_Modelo,$B53,d_Subest,AF$7) -> 0 | AG53: =COUNTIFS(d_Marca,$A53,d_Modelo,$B53,d_Subest,AG$7) -> 0 | AH53: =COUNTIFS(d_Marca,$A53,d_Modelo,$B53,d_Subest,AH$7) -> 0 | AI53: =COUNTIFS(d_Marca,$A53,d_Modelo,$B53,d_Subest,AI$7) -> 0 | AJ53: =COUNTIFS(d_Marca,$A53,d_Modelo,$B53,d_Subest,AJ$7) -> 0 | ... AL53: =COUNTIFS(d_Marca,$A53,d_Modelo,$B53,d_Subest,AL$7) -> 0 | AM53: =SUM(AC53:AL53) -> 0 | AN53: =COUNTIFS(d_Marca,$A53,d_Modelo,$B53,d_Subest,AN$7) -> 0 | AO53: =COUNTIFS(d_Marca,$A53,d_Modelo,$B53,d_Subest,AO$7) -> 0 | AP53: =COUNTIFS(d_Marca,$A53,d_Modelo,$B53,d_Subest,AP$7) -> 2 | AQ53: =COUNTIFS(d_Marca,$A53,d_Modelo,$B53,d_Subest,AQ$7) -> 2 | AR53: =COUNTIFS(d_Marca,$A53,d_Modelo,$B53,d_Subest,AR$7) -> 0 | AS53: =COUNTIFS(d_Marca,$A53,d_Modelo,$B53,d_Subest,AS$7) -> 0 | AT53: =COUNTIFS(d_Marca,$A53,d_Modelo,$B53,d_Subest,AT$7) -> 2 | AU53: =COUNTIFS(d_Marca,$A53,d_Modelo,$B53,d_Subest,AU$7) -> 0 | ... AW53: =COUNTIFS(d_Marca,$A53,d_Modelo,$B53,d_Subest,AW$7) -> 0 | AX53: =SUM(AN53:AW53) -> 6 | AY53: =COUNTIFS(d_Marca,$A53,d_Modelo,$B53,d_Subest,AY$7) -> 0 | AZ53: =E53+H53+K53+P53+V53+AB53+AM53+AX53+AY53 -> 6
A54: SIEMENS | B54: ARGUS | C54: =COUNTIFS(d_Marca,$A54,d_Modelo,$B54,d_Subest,C$7) -> 0 | D54: =COUNTIFS(d_Marca,$A54,d_Modelo,$B54,d_Subest,D$7) -> 0 | E54: =SUM(C54:D54) -> 0 | F54: =COUNTIFS(d_Marca,$A54,d_Modelo,$B54,d_Subest,F$7) -> 0 | G54: =COUNTIFS(d_Marca,$A54,d_Modelo,$B54,d_Subest,G$7) -> 0 | H54: =SUM(F54:G54) -> 0 | I54: =COUNTIFS(d_Marca,$A54,d_Modelo,$B54,d_Subest,I$7) -> 0 | J54: =COUNTIFS(d_Marca,$A54,d_Modelo,$B54,d_Subest,J$7) -> 0 | K54: =SUM(I54:J54) -> 0 | L54: =COUNTIFS(d_Marca,$A54,d_Modelo,$B54,d_Subest,L$7) -> 0 | M54: =COUNTIFS(d_Marca,$A54,d_Modelo,$B54,d_Subest,M$7) -> 0 | N54: =COUNTIFS(d_Marca,$A54,d_Modelo,$B54,d_Subest,N$7) -> 0 | O54: =COUNTIFS(d_Marca,$A54,d_Modelo,$B54,d_Subest,O$7) -> 0 | P54: =SUM(L54:O54) -> 0 | Q54: =COUNTIFS(d_Marca,$A54,d_Modelo,$B54,d_Subest,Q$7) -> 2 | R54: =COUNTIFS(d_Marca,$A54,d_Modelo,$B54,d_Subest,R$7) -> 2 | S54: =COUNTIFS(d_Marca,$A54,d_Modelo,$B54,d_Subest,S$7) -> 0 | T54: =COUNTIFS(d_Marca,$A54,d_Modelo,$B54,d_Subest,T$7) -> 0 | U54: =COUNTIFS(d_Marca,$A54,d_Modelo,$B54,d_Subest,U$7) -> 2 | V54: =SUM(Q54:U54) -> 6 | W54: =COUNTIFS(d_Marca,$A54,d_Modelo,$B54,d_Subest,W$7) -> 0 | X54: =COUNTIFS(d_Marca,$A54,d_Modelo,$B54,d_Subest,X$7) -> 0 | Y54: =COUNTIFS(d_Marca,$A54,d_Modelo,$B54,d_Subest,Y$7) -> 0 | Z54: =COUNTIFS(d_Marca,$A54,d_Modelo,$B54,d_Subest,Z$7) -> 0 | AA54: =COUNTIFS(d_Marca,$A54,d_Modelo,$B54,d_Subest,AA$7) -> 0 | AB54: =SUM(W54:AA54) -> 0 | AC54: =COUNTIFS(d_Marca,$A54,d_Modelo,$B54,d_Subest,AC$7) -> 0 | AD54: =COUNTIFS(d_Marca,$A54,d_Modelo,$B54,d_Subest,AD$7) -> 0 | AE54: =COUNTIFS(d_Marca,$A54,d_Modelo,$B54,d_Subest,AE$7) -> 0 | AF54: =COUNTIFS(d_Marca,$A54,d_Modelo,$B54,d_Subest,AF$7) -> 0 | AG54: =COUNTIFS(d_Marca,$A54,d_Modelo,$B54,d_Subest,AG$7) -> 0 | AH54: =COUNTIFS(d_Marca,$A54,d_Modelo,$B54,d_Subest,AH$7) -> 0 | AI54: =COUNTIFS(d_Marca,$A54,d_Modelo,$B54,d_Subest,AI$7) -> 0 | AJ54: =COUNTIFS(d_Marca,$A54,d_Modelo,$B54,d_Subest,AJ$7) -> 0 | ... AL54: =COUNTIFS(d_Marca,$A54,d_Modelo,$B54,d_Subest,AL$7) -> 0 | AM54: =SUM(AC54:AL54) -> 0 | AN54: =COUNTIFS(d_Marca,$A54,d_Modelo,$B54,d_Subest,AN$7) -> 0 | AO54: =COUNTIFS(d_Marca,$A54,d_Modelo,$B54,d_Subest,AO$7) -> 0 | AP54: =COUNTIFS(d_Marca,$A54,d_Modelo,$B54,d_Subest,AP$7) -> 0 | AQ54: =COUNTIFS(d_Marca,$A54,d_Modelo,$B54,d_Subest,AQ$7) -> 0 | AR54: =COUNTIFS(d_Marca,$A54,d_Modelo,$B54,d_Subest,AR$7) -> 0 | AS54: =COUNTIFS(d_Marca,$A54,d_Modelo,$B54,d_Subest,AS$7) -> 0 | AT54: =COUNTIFS(d_Marca,$A54,d_Modelo,$B54,d_Subest,AT$7) -> 0 | AU54: =COUNTIFS(d_Marca,$A54,d_Modelo,$B54,d_Subest,AU$7) -> 0 | ... AW54: =COUNTIFS(d_Marca,$A54,d_Modelo,$B54,d_Subest,AW$7) -> 0 | AX54: =SUM(AN54:AW54) -> 0 | AY54: =COUNTIFS(d_Marca,$A54,d_Modelo,$B54,d_Subest,AY$7) -> 0 | AZ54: =E54+H54+K54+P54+V54+AB54+AM54+AX54+AY54 -> 6
A55: SIEMENS | B55: SIEMENS | C55: =COUNTIFS(d_Marca,$A55,d_Modelo,$B55,d_Subest,C$7) -> 0 | D55: =COUNTIFS(d_Marca,$A55,d_Modelo,$B55,d_Subest,D$7) -> 0 | E55: =SUM(C55:D55) -> 0 | F55: =COUNTIFS(d_Marca,$A55,d_Modelo,$B55,d_Subest,F$7) -> 0 | G55: =COUNTIFS(d_Marca,$A55,d_Modelo,$B55,d_Subest,G$7) -> 0 | H55: =SUM(F55:G55) -> 0 | I55: =COUNTIFS(d_Marca,$A55,d_Modelo,$B55,d_Subest,I$7) -> 2 | J55: =COUNTIFS(d_Marca,$A55,d_Modelo,$B55,d_Subest,J$7) -> 0 | K55: =SUM(I55:J55) -> 2 | L55: =COUNTIFS(d_Marca,$A55,d_Modelo,$B55,d_Subest,L$7) -> 0 | M55: =COUNTIFS(d_Marca,$A55,d_Modelo,$B55,d_Subest,M$7) -> 0 | N55: =COUNTIFS(d_Marca,$A55,d_Modelo,$B55,d_Subest,N$7) -> 0 | O55: =COUNTIFS(d_Marca,$A55,d_Modelo,$B55,d_Subest,O$7) -> 0 | P55: =SUM(L55:O55) -> 0 | Q55: =COUNTIFS(d_Marca,$A55,d_Modelo,$B55,d_Subest,Q$7) -> 0 | R55: =COUNTIFS(d_Marca,$A55,d_Modelo,$B55,d_Subest,R$7) -> 0 | S55: =COUNTIFS(d_Marca,$A55,d_Modelo,$B55,d_Subest,S$7) -> 0 | T55: =COUNTIFS(d_Marca,$A55,d_Modelo,$B55,d_Subest,T$7) -> 0 | U55: =COUNTIFS(d_Marca,$A55,d_Modelo,$B55,d_Subest,U$7) -> 0 | V55: =SUM(Q55:U55) -> 0 | W55: =COUNTIFS(d_Marca,$A55,d_Modelo,$B55,d_Subest,W$7) -> 0 | X55: =COUNTIFS(d_Marca,$A55,d_Modelo,$B55,d_Subest,X$7) -> 0 | Y55: =COUNTIFS(d_Marca,$A55,d_Modelo,$B55,d_Subest,Y$7) -> 0 | Z55: =COUNTIFS(d_Marca,$A55,d_Modelo,$B55,d_Subest,Z$7) -> 0 | AA55: =COUNTIFS(d_Marca,$A55,d_Modelo,$B55,d_Subest,AA$7) -> 0 | AB55: =SUM(W55:AA55) -> 0 | AC55: =COUNTIFS(d_Marca,$A55,d_Modelo,$B55,d_Subest,AC$7) -> 0 | AD55: =COUNTIFS(d_Marca,$A55,d_Modelo,$B55,d_Subest,AD$7) -> 0 | AE55: =COUNTIFS(d_Marca,$A55,d_Modelo,$B55,d_Subest,AE$7) -> 0 | AF55: =COUNTIFS(d_Marca,$A55,d_Modelo,$B55,d_Subest,AF$7) -> 0 | AG55: =COUNTIFS(d_Marca,$A55,d_Modelo,$B55,d_Subest,AG$7) -> 0 | AH55: =COUNTIFS(d_Marca,$A55,d_Modelo,$B55,d_Subest,AH$7) -> 0 | AI55: =COUNTIFS(d_Marca,$A55,d_Modelo,$B55,d_Subest,AI$7) -> 0 | AJ55: =COUNTIFS(d_Marca,$A55,d_Modelo,$B55,d_Subest,AJ$7) -> 0 | ... AL55: =COUNTIFS(d_Marca,$A55,d_Modelo,$B55,d_Subest,AL$7) -> 0 | AM55: =SUM(AC55:AL55) -> 0 | AN55: =COUNTIFS(d_Marca,$A55,d_Modelo,$B55,d_Subest,AN$7) -> 0 | AO55: =COUNTIFS(d_Marca,$A55,d_Modelo,$B55,d_Subest,AO$7) -> 0 | AP55: =COUNTIFS(d_Marca,$A55,d_Modelo,$B55,d_Subest,AP$7) -> 0 | AQ55: =COUNTIFS(d_Marca,$A55,d_Modelo,$B55,d_Subest,AQ$7) -> 0 | AR55: =COUNTIFS(d_Marca,$A55,d_Modelo,$B55,d_Subest,AR$7) -> 0 | AS55: =COUNTIFS(d_Marca,$A55,d_Modelo,$B55,d_Subest,AS$7) -> 0 | AT55: =COUNTIFS(d_Marca,$A55,d_Modelo,$B55,d_Subest,AT$7) -> 0 | AU55: =COUNTIFS(d_Marca,$A55,d_Modelo,$B55,d_Subest,AU$7) -> 0 | ... AW55: =COUNTIFS(d_Marca,$A55,d_Modelo,$B55,d_Subest,AW$7) -> 0 | AX55: =SUM(AN55:AW55) -> 0 | AY55: =COUNTIFS(d_Marca,$A55,d_Modelo,$B55,d_Subest,AY$7) -> 0 | AZ55: =E55+H55+K55+P55+V55+AB55+AM55+AX55+AY55 -> 2
A56: SIEMENS | B56: SIPROTEC 7SS85 | C56: =COUNTIFS(d_Marca,$A56,d_Modelo,$B56,d_Subest,C$7) -> 0 | D56: =COUNTIFS(d_Marca,$A56,d_Modelo,$B56,d_Subest,D$7) -> 0 | E56: =SUM(C56:D56) -> 0 | F56: =COUNTIFS(d_Marca,$A56,d_Modelo,$B56,d_Subest,F$7) -> 0 | G56: =COUNTIFS(d_Marca,$A56,d_Modelo,$B56,d_Subest,G$7) -> 0 | H56: =SUM(F56:G56) -> 0 | I56: =COUNTIFS(d_Marca,$A56,d_Modelo,$B56,d_Subest,I$7) -> 0 | J56: =COUNTIFS(d_Marca,$A56,d_Modelo,$B56,d_Subest,J$7) -> 0 | K56: =SUM(I56:J56) -> 0 | L56: =COUNTIFS(d_Marca,$A56,d_Modelo,$B56,d_Subest,L$7) -> 0 | M56: =COUNTIFS(d_Marca,$A56,d_Modelo,$B56,d_Subest,M$7) -> 0 | N56: =COUNTIFS(d_Marca,$A56,d_Modelo,$B56,d_Subest,N$7) -> 0 | O56: =COUNTIFS(d_Marca,$A56,d_Modelo,$B56,d_Subest,O$7) -> 0 | P56: =SUM(L56:O56) -> 0 | Q56: =COUNTIFS(d_Marca,$A56,d_Modelo,$B56,d_Subest,Q$7) -> 0 | R56: =COUNTIFS(d_Marca,$A56,d_Modelo,$B56,d_Subest,R$7) -> 0 | S56: =COUNTIFS(d_Marca,$A56,d_Modelo,$B56,d_Subest,S$7) -> 0 | T56: =COUNTIFS(d_Marca,$A56,d_Modelo,$B56,d_Subest,T$7) -> 0 | U56: =COUNTIFS(d_Marca,$A56,d_Modelo,$B56,d_Subest,U$7) -> 0 | V56: =SUM(Q56:U56) -> 0 | W56: =COUNTIFS(d_Marca,$A56,d_Modelo,$B56,d_Subest,W$7) -> 0 | X56: =COUNTIFS(d_Marca,$A56,d_Modelo,$B56,d_Subest,X$7) -> 0 | Y56: =COUNTIFS(d_Marca,$A56,d_Modelo,$B56,d_Subest,Y$7) -> 0 | Z56: =COUNTIFS(d_Marca,$A56,d_Modelo,$B56,d_Subest,Z$7) -> 0 | AA56: =COUNTIFS(d_Marca,$A56,d_Modelo,$B56,d_Subest,AA$7) -> 0 | AB56: =SUM(W56:AA56) -> 0 | AC56: =COUNTIFS(d_Marca,$A56,d_Modelo,$B56,d_Subest,AC$7) -> 0 | AD56: =COUNTIFS(d_Marca,$A56,d_Modelo,$B56,d_Subest,AD$7) -> 0 | AE56: =COUNTIFS(d_Marca,$A56,d_Modelo,$B56,d_Subest,AE$7) -> 0 | AF56: =COUNTIFS(d_Marca,$A56,d_Modelo,$B56,d_Subest,AF$7) -> 0 | AG56: =COUNTIFS(d_Marca,$A56,d_Modelo,$B56,d_Subest,AG$7) -> 0 | AH56: =COUNTIFS(d_Marca,$A56,d_Modelo,$B56,d_Subest,AH$7) -> 0 | AI56: =COUNTIFS(d_Marca,$A56,d_Modelo,$B56,d_Subest,AI$7) -> 0 | AJ56: =COUNTIFS(d_Marca,$A56,d_Modelo,$B56,d_Subest,AJ$7) -> 0 | ... AL56: =COUNTIFS(d_Marca,$A56,d_Modelo,$B56,d_Subest,AL$7) -> 0 | AM56: =SUM(AC56:AL56) -> 0 | AN56: =COUNTIFS(d_Marca,$A56,d_Modelo,$B56,d_Subest,AN$7) -> 0 | AO56: =COUNTIFS(d_Marca,$A56,d_Modelo,$B56,d_Subest,AO$7) -> 0 | AP56: =COUNTIFS(d_Marca,$A56,d_Modelo,$B56,d_Subest,AP$7) -> 0 | AQ56: =COUNTIFS(d_Marca,$A56,d_Modelo,$B56,d_Subest,AQ$7) -> 0 | AR56: =COUNTIFS(d_Marca,$A56,d_Modelo,$B56,d_Subest,AR$7) -> 0 | AS56: =COUNTIFS(d_Marca,$A56,d_Modelo,$B56,d_Subest,AS$7) -> 0 | AT56: =COUNTIFS(d_Marca,$A56,d_Modelo,$B56,d_Subest,AT$7) -> 0 | AU56: =COUNTIFS(d_Marca,$A56,d_Modelo,$B56,d_Subest,AU$7) -> 0 | ... AW56: =COUNTIFS(d_Marca,$A56,d_Modelo,$B56,d_Subest,AW$7) -> 2 | AX56: =SUM(AN56:AW56) -> 2 | AY56: =COUNTIFS(d_Marca,$A56,d_Modelo,$B56,d_Subest,AY$7) -> 0 | AZ56: =E56+H56+K56+P56+V56+AB56+AM56+AX56+AY56 -> 2
A57: SIEMENS | B57: SEPAM | C57: =COUNTIFS(d_Marca,$A57,d_Modelo,$B57,d_Subest,C$7) -> 0 | D57: =COUNTIFS(d_Marca,$A57,d_Modelo,$B57,d_Subest,D$7) -> 0 | E57: =SUM(C57:D57) -> 0 | F57: =COUNTIFS(d_Marca,$A57,d_Modelo,$B57,d_Subest,F$7) -> 0 | G57: =COUNTIFS(d_Marca,$A57,d_Modelo,$B57,d_Subest,G$7) -> 0 | H57: =SUM(F57:G57) -> 0 | I57: =COUNTIFS(d_Marca,$A57,d_Modelo,$B57,d_Subest,I$7) -> 0 | J57: =COUNTIFS(d_Marca,$A57,d_Modelo,$B57,d_Subest,J$7) -> 0 | K57: =SUM(I57:J57) -> 0 | L57: =COUNTIFS(d_Marca,$A57,d_Modelo,$B57,d_Subest,L$7) -> 0 | M57: =COUNTIFS(d_Marca,$A57,d_Modelo,$B57,d_Subest,M$7) -> 0 | N57: =COUNTIFS(d_Marca,$A57,d_Modelo,$B57,d_Subest,N$7) -> 0 | O57: =COUNTIFS(d_Marca,$A57,d_Modelo,$B57,d_Subest,O$7) -> 0 | P57: =SUM(L57:O57) -> 0 | Q57: =COUNTIFS(d_Marca,$A57,d_Modelo,$B57,d_Subest,Q$7) -> 0 | R57: =COUNTIFS(d_Marca,$A57,d_Modelo,$B57,d_Subest,R$7) -> 0 | S57: =COUNTIFS(d_Marca,$A57,d_Modelo,$B57,d_Subest,S$7) -> 0 | T57: =COUNTIFS(d_Marca,$A57,d_Modelo,$B57,d_Subest,T$7) -> 0 | U57: =COUNTIFS(d_Marca,$A57,d_Modelo,$B57,d_Subest,U$7) -> 0 | V57: =SUM(Q57:U57) -> 0 | W57: =COUNTIFS(d_Marca,$A57,d_Modelo,$B57,d_Subest,W$7) -> 0 | X57: =COUNTIFS(d_Marca,$A57,d_Modelo,$B57,d_Subest,X$7) -> 0 | Y57: =COUNTIFS(d_Marca,$A57,d_Modelo,$B57,d_Subest,Y$7) -> 0 | Z57: =COUNTIFS(d_Marca,$A57,d_Modelo,$B57,d_Subest,Z$7) -> 0 | AA57: =COUNTIFS(d_Marca,$A57,d_Modelo,$B57,d_Subest,AA$7) -> 0 | AB57: =SUM(W57:AA57) -> 0 | AC57: =COUNTIFS(d_Marca,$A57,d_Modelo,$B57,d_Subest,AC$7) -> 0 | AD57: =COUNTIFS(d_Marca,$A57,d_Modelo,$B57,d_Subest,AD$7) -> 0 | AE57: =COUNTIFS(d_Marca,$A57,d_Modelo,$B57,d_Subest,AE$7) -> 0 | AF57: =COUNTIFS(d_Marca,$A57,d_Modelo,$B57,d_Subest,AF$7) -> 0 | AG57: =COUNTIFS(d_Marca,$A57,d_Modelo,$B57,d_Subest,AG$7) -> 0 | AH57: =COUNTIFS(d_Marca,$A57,d_Modelo,$B57,d_Subest,AH$7) -> 0 | AI57: =COUNTIFS(d_Marca,$A57,d_Modelo,$B57,d_Subest,AI$7) -> 0 | AJ57: =COUNTIFS(d_Marca,$A57,d_Modelo,$B57,d_Subest,AJ$7) -> 0 | ... AL57: =COUNTIFS(d_Marca,$A57,d_Modelo,$B57,d_Subest,AL$7) -> 0 | AM57: =SUM(AC57:AL57) -> 0 | AN57: =COUNTIFS(d_Marca,$A57,d_Modelo,$B57,d_Subest,AN$7) -> 0 | AO57: =COUNTIFS(d_Marca,$A57,d_Modelo,$B57,d_Subest,AO$7) -> 0 | AP57: =COUNTIFS(d_Marca,$A57,d_Modelo,$B57,d_Subest,AP$7) -> 0 | AQ57: =COUNTIFS(d_Marca,$A57,d_Modelo,$B57,d_Subest,AQ$7) -> 0 | AR57: =COUNTIFS(d_Marca,$A57,d_Modelo,$B57,d_Subest,AR$7) -> 0 | AS57: =COUNTIFS(d_Marca,$A57,d_Modelo,$B57,d_Subest,AS$7) -> 0 | AT57: =COUNTIFS(d_Marca,$A57,d_Modelo,$B57,d_Subest,AT$7) -> 0 | AU57: =COUNTIFS(d_Marca,$A57,d_Modelo,$B57,d_Subest,AU$7) -> 1 | ... AW57: =COUNTIFS(d_Marca,$A57,d_Modelo,$B57,d_Subest,AW$7) -> 0 | AX57: =SUM(AN57:AW57) -> 1 | AY57: =COUNTIFS(d_Marca,$A57,d_Modelo,$B57,d_Subest,AY$7) -> 0 | AZ57: =E57+H57+K57+P57+V57+AB57+AM57+AX57+AY57 -> 1
A58: SIEMENS | B58: SIPROTEC 7SJ85 | C58: =COUNTIFS(d_Marca,$A58,d_Modelo,$B58,d_Subest,C$7) -> 0 | D58: =COUNTIFS(d_Marca,$A58,d_Modelo,$B58,d_Subest,D$7) -> 0 | E58: =SUM(C58:D58) -> 0 | F58: =COUNTIFS(d_Marca,$A58,d_Modelo,$B58,d_Subest,F$7) -> 0 | G58: =COUNTIFS(d_Marca,$A58,d_Modelo,$B58,d_Subest,G$7) -> 0 | H58: =SUM(F58:G58) -> 0 | I58: =COUNTIFS(d_Marca,$A58,d_Modelo,$B58,d_Subest,I$7) -> 0 | J58: =COUNTIFS(d_Marca,$A58,d_Modelo,$B58,d_Subest,J$7) -> 0 | K58: =SUM(I58:J58) -> 0 | L58: =COUNTIFS(d_Marca,$A58,d_Modelo,$B58,d_Subest,L$7) -> 0 | M58: =COUNTIFS(d_Marca,$A58,d_Modelo,$B58,d_Subest,M$7) -> 0 | N58: =COUNTIFS(d_Marca,$A58,d_Modelo,$B58,d_Subest,N$7) -> 0 | O58: =COUNTIFS(d_Marca,$A58,d_Modelo,$B58,d_Subest,O$7) -> 0 | P58: =SUM(L58:O58) -> 0 | Q58: =COUNTIFS(d_Marca,$A58,d_Modelo,$B58,d_Subest,Q$7) -> 0 | R58: =COUNTIFS(d_Marca,$A58,d_Modelo,$B58,d_Subest,R$7) -> 0 | S58: =COUNTIFS(d_Marca,$A58,d_Modelo,$B58,d_Subest,S$7) -> 0 | T58: =COUNTIFS(d_Marca,$A58,d_Modelo,$B58,d_Subest,T$7) -> 0 | U58: =COUNTIFS(d_Marca,$A58,d_Modelo,$B58,d_Subest,U$7) -> 0 | V58: =SUM(Q58:U58) -> 0 | W58: =COUNTIFS(d_Marca,$A58,d_Modelo,$B58,d_Subest,W$7) -> 0 | X58: =COUNTIFS(d_Marca,$A58,d_Modelo,$B58,d_Subest,X$7) -> 0 | Y58: =COUNTIFS(d_Marca,$A58,d_Modelo,$B58,d_Subest,Y$7) -> 0 | Z58: =COUNTIFS(d_Marca,$A58,d_Modelo,$B58,d_Subest,Z$7) -> 0 | AA58: =COUNTIFS(d_Marca,$A58,d_Modelo,$B58,d_Subest,AA$7) -> 0 | AB58: =SUM(W58:AA58) -> 0 | AC58: =COUNTIFS(d_Marca,$A58,d_Modelo,$B58,d_Subest,AC$7) -> 0 | AD58: =COUNTIFS(d_Marca,$A58,d_Modelo,$B58,d_Subest,AD$7) -> 0 | AE58: =COUNTIFS(d_Marca,$A58,d_Modelo,$B58,d_Subest,AE$7) -> 0 | AF58: =COUNTIFS(d_Marca,$A58,d_Modelo,$B58,d_Subest,AF$7) -> 0 | AG58: =COUNTIFS(d_Marca,$A58,d_Modelo,$B58,d_Subest,AG$7) -> 0 | AH58: =COUNTIFS(d_Marca,$A58,d_Modelo,$B58,d_Subest,AH$7) -> 0 | AI58: =COUNTIFS(d_Marca,$A58,d_Modelo,$B58,d_Subest,AI$7) -> 0 | AJ58: =COUNTIFS(d_Marca,$A58,d_Modelo,$B58,d_Subest,AJ$7) -> 0 | ... AL58: =COUNTIFS(d_Marca,$A58,d_Modelo,$B58,d_Subest,AL$7) -> 0 | AM58: =SUM(AC58:AL58) -> 0 | AN58: =COUNTIFS(d_Marca,$A58,d_Modelo,$B58,d_Subest,AN$7) -> 1 | AO58: =COUNTIFS(d_Marca,$A58,d_Modelo,$B58,d_Subest,AO$7) -> 0 | AP58: =COUNTIFS(d_Marca,$A58,d_Modelo,$B58,d_Subest,AP$7) -> 0 | AQ58: =COUNTIFS(d_Marca,$A58,d_Modelo,$B58,d_Subest,AQ$7) -> 0 | AR58: =COUNTIFS(d_Marca,$A58,d_Modelo,$B58,d_Subest,AR$7) -> 0 | AS58: =COUNTIFS(d_Marca,$A58,d_Modelo,$B58,d_Subest,AS$7) -> 0 | AT58: =COUNTIFS(d_Marca,$A58,d_Modelo,$B58,d_Subest,AT$7) -> 0 | AU58: =COUNTIFS(d_Marca,$A58,d_Modelo,$B58,d_Subest,AU$7) -> 0 | ... AW58: =COUNTIFS(d_Marca,$A58,d_Modelo,$B58,d_Subest,AW$7) -> 0 | AX58: =SUM(AN58:AW58) -> 1 | AY58: =COUNTIFS(d_Marca,$A58,d_Modelo,$B58,d_Subest,AY$7) -> 0 | AZ58: =E58+H58+K58+P58+V58+AB58+AM58+AX58+AY58 -> 1
A59: SIEMENS | B59: SIPROTEC 7VU68 | C59: =COUNTIFS(d_Marca,$A59,d_Modelo,$B59,d_Subest,C$7) -> 0 | D59: =COUNTIFS(d_Marca,$A59,d_Modelo,$B59,d_Subest,D$7) -> 0 | E59: =SUM(C59:D59) -> 0 | F59: =COUNTIFS(d_Marca,$A59,d_Modelo,$B59,d_Subest,F$7) -> 0 | G59: =COUNTIFS(d_Marca,$A59,d_Modelo,$B59,d_Subest,G$7) -> 0 | H59: =SUM(F59:G59) -> 0 | I59: =COUNTIFS(d_Marca,$A59,d_Modelo,$B59,d_Subest,I$7) -> 0 | J59: =COUNTIFS(d_Marca,$A59,d_Modelo,$B59,d_Subest,J$7) -> 0 | K59: =SUM(I59:J59) -> 0 | L59: =COUNTIFS(d_Marca,$A59,d_Modelo,$B59,d_Subest,L$7) -> 0 | M59: =COUNTIFS(d_Marca,$A59,d_Modelo,$B59,d_Subest,M$7) -> 0 | N59: =COUNTIFS(d_Marca,$A59,d_Modelo,$B59,d_Subest,N$7) -> 0 | O59: =COUNTIFS(d_Marca,$A59,d_Modelo,$B59,d_Subest,O$7) -> 0 | P59: =SUM(L59:O59) -> 0 | Q59: =COUNTIFS(d_Marca,$A59,d_Modelo,$B59,d_Subest,Q$7) -> 0 | R59: =COUNTIFS(d_Marca,$A59,d_Modelo,$B59,d_Subest,R$7) -> 0 | S59: =COUNTIFS(d_Marca,$A59,d_Modelo,$B59,d_Subest,S$7) -> 0 | T59: =COUNTIFS(d_Marca,$A59,d_Modelo,$B59,d_Subest,T$7) -> 0 | U59: =COUNTIFS(d_Marca,$A59,d_Modelo,$B59,d_Subest,U$7) -> 0 | V59: =SUM(Q59:U59) -> 0 | W59: =COUNTIFS(d_Marca,$A59,d_Modelo,$B59,d_Subest,W$7) -> 0 | X59: =COUNTIFS(d_Marca,$A59,d_Modelo,$B59,d_Subest,X$7) -> 0 | Y59: =COUNTIFS(d_Marca,$A59,d_Modelo,$B59,d_Subest,Y$7) -> 0 | Z59: =COUNTIFS(d_Marca,$A59,d_Modelo,$B59,d_Subest,Z$7) -> 0 | AA59: =COUNTIFS(d_Marca,$A59,d_Modelo,$B59,d_Subest,AA$7) -> 0 | AB59: =SUM(W59:AA59) -> 0 | AC59: =COUNTIFS(d_Marca,$A59,d_Modelo,$B59,d_Subest,AC$7) -> 0 | AD59: =COUNTIFS(d_Marca,$A59,d_Modelo,$B59,d_Subest,AD$7) -> 0 | AE59: =COUNTIFS(d_Marca,$A59,d_Modelo,$B59,d_Subest,AE$7) -> 0 | AF59: =COUNTIFS(d_Marca,$A59,d_Modelo,$B59,d_Subest,AF$7) -> 0 | AG59: =COUNTIFS(d_Marca,$A59,d_Modelo,$B59,d_Subest,AG$7) -> 0 | AH59: =COUNTIFS(d_Marca,$A59,d_Modelo,$B59,d_Subest,AH$7) -> 0 | AI59: =COUNTIFS(d_Marca,$A59,d_Modelo,$B59,d_Subest,AI$7) -> 0 | AJ59: =COUNTIFS(d_Marca,$A59,d_Modelo,$B59,d_Subest,AJ$7) -> 0 | ... AL59: =COUNTIFS(d_Marca,$A59,d_Modelo,$B59,d_Subest,AL$7) -> 0 | AM59: =SUM(AC59:AL59) -> 0 | AN59: =COUNTIFS(d_Marca,$A59,d_Modelo,$B59,d_Subest,AN$7) -> 0 | AO59: =COUNTIFS(d_Marca,$A59,d_Modelo,$B59,d_Subest,AO$7) -> 0 | AP59: =COUNTIFS(d_Marca,$A59,d_Modelo,$B59,d_Subest,AP$7) -> 0 | AQ59: =COUNTIFS(d_Marca,$A59,d_Modelo,$B59,d_Subest,AQ$7) -> 0 | AR59: =COUNTIFS(d_Marca,$A59,d_Modelo,$B59,d_Subest,AR$7) -> 0 | AS59: =COUNTIFS(d_Marca,$A59,d_Modelo,$B59,d_Subest,AS$7) -> 0 | AT59: =COUNTIFS(d_Marca,$A59,d_Modelo,$B59,d_Subest,AT$7) -> 0 | AU59: =COUNTIFS(d_Marca,$A59,d_Modelo,$B59,d_Subest,AU$7) -> 0 | ... AW59: =COUNTIFS(d_Marca,$A59,d_Modelo,$B59,d_Subest,AW$7) -> 1 | AX59: =SUM(AN59:AW59) -> 1 | AY59: =COUNTIFS(d_Marca,$A59,d_Modelo,$B59,d_Subest,AY$7) -> 0 | AZ59: =E59+H59+K59+P59+V59+AB59+AM59+AX59+AY59 -> 1
A60: SCHNEIDER ELECTRIC | B60: Total SCHNEIDER ELECTRIC | C60: =COUNTIFS(d_Marca,$A60,d_Subest,C$7) -> 0 | D60: =COUNTIFS(d_Marca,$A60,d_Subest,D$7) -> 0 | E60: =SUM(C60:D60) -> 0 | F60: =COUNTIFS(d_Marca,$A60,d_Subest,F$7) -> 0 | G60: =COUNTIFS(d_Marca,$A60,d_Subest,G$7) -> 0 | H60: =SUM(F60:G60) -> 0 | I60: =COUNTIFS(d_Marca,$A60,d_Subest,I$7) -> 0 | J60: =COUNTIFS(d_Marca,$A60,d_Subest,J$7) -> 0 | K60: =SUM(I60:J60) -> 0 | L60: =COUNTIFS(d_Marca,$A60,d_Subest,L$7) -> 0 | M60: =COUNTIFS(d_Marca,$A60,d_Subest,M$7) -> 0 | N60: =COUNTIFS(d_Marca,$A60,d_Subest,N$7) -> 0 | O60: =COUNTIFS(d_Marca,$A60,d_Subest,O$7) -> 0 | P60: =SUM(L60:O60) -> 0 | Q60: =COUNTIFS(d_Marca,$A60,d_Subest,Q$7) -> 0 | R60: =COUNTIFS(d_Marca,$A60,d_Subest,R$7) -> 0 | S60: =COUNTIFS(d_Marca,$A60,d_Subest,S$7) -> 0 | T60: =COUNTIFS(d_Marca,$A60,d_Subest,T$7) -> 0 | U60: =COUNTIFS(d_Marca,$A60,d_Subest,U$7) -> 0 | V60: =SUM(Q60:U60) -> 0 | W60: =COUNTIFS(d_Marca,$A60,d_Subest,W$7) -> 0 | X60: =COUNTIFS(d_Marca,$A60,d_Subest,X$7) -> 0 | Y60: =COUNTIFS(d_Marca,$A60,d_Subest,Y$7) -> 0 | Z60: =COUNTIFS(d_Marca,$A60,d_Subest,Z$7) -> 0 | AA60: =COUNTIFS(d_Marca,$A60,d_Subest,AA$7) -> 0 | AB60: =SUM(W60:AA60) -> 0 | AC60: =COUNTIFS(d_Marca,$A60,d_Subest,AC$7) -> 2 | AD60: =COUNTIFS(d_Marca,$A60,d_Subest,AD$7) -> 0 | AE60: =COUNTIFS(d_Marca,$A60,d_Subest,AE$7) -> 0 | AF60: =COUNTIFS(d_Marca,$A60,d_Subest,AF$7) -> 0 | AG60: =COUNTIFS(d_Marca,$A60,d_Subest,AG$7) -> 0 | AH60: =COUNTIFS(d_Marca,$A60,d_Subest,AH$7) -> 0 | AI60: =COUNTIFS(d_Marca,$A60,d_Subest,AI$7) -> 0 | AJ60: =COUNTIFS(d_Marca,$A60,d_Subest,AJ$7) -> 0 | ... AL60: =COUNTIFS(d_Marca,$A60,d_Subest,AL$7) -> 0 | AM60: =SUM(AC60:AL60) -> 2 | AN60: =COUNTIFS(d_Marca,$A60,d_Subest,AN$7) -> 0 | AO60: =COUNTIFS(d_Marca,$A60,d_Subest,AO$7) -> 0 | AP60: =COUNTIFS(d_Marca,$A60,d_Subest,AP$7) -> 0 | AQ60: =COUNTIFS(d_Marca,$A60,d_Subest,AQ$7) -> 0 | AR60: =COUNTIFS(d_Marca,$A60,d_Subest,AR$7) -> 0 | AS60: =COUNTIFS(d_Marca,$A60,d_Subest,AS$7) -> 0 | AT60: =COUNTIFS(d_Marca,$A60,d_Subest,AT$7) -> 0 | AU60: =COUNTIFS(d_Marca,$A60,d_Subest,AU$7) -> 0 | ... AW60: =COUNTIFS(d_Marca,$A60,d_Subest,AW$7) -> 0 | AX60: =SUM(AN60:AW60) -> 38 | AY60: =COUNTIFS(d_Marca,$A60,d_Subest,AY$7) -> 0 | AZ60: =E60+H60+K60+P60+V60+AB60+AM60+AX60+AY60 -> 40
A61: SCHNEIDER ELECTRIC | B61: P5F30 | C61: =COUNTIFS(d_Marca,$A61,d_Modelo,$B61,d_Subest,C$7) -> 0 | D61: =COUNTIFS(d_Marca,$A61,d_Modelo,$B61,d_Subest,D$7) -> 0 | E61: =SUM(C61:D61) -> 0 | F61: =COUNTIFS(d_Marca,$A61,d_Modelo,$B61,d_Subest,F$7) -> 0 | G61: =COUNTIFS(d_Marca,$A61,d_Modelo,$B61,d_Subest,G$7) -> 0 | H61: =SUM(F61:G61) -> 0 | I61: =COUNTIFS(d_Marca,$A61,d_Modelo,$B61,d_Subest,I$7) -> 0 | J61: =COUNTIFS(d_Marca,$A61,d_Modelo,$B61,d_Subest,J$7) -> 0 | K61: =SUM(I61:J61) -> 0 | L61: =COUNTIFS(d_Marca,$A61,d_Modelo,$B61,d_Subest,L$7) -> 0 | M61: =COUNTIFS(d_Marca,$A61,d_Modelo,$B61,d_Subest,M$7) -> 0 | N61: =COUNTIFS(d_Marca,$A61,d_Modelo,$B61,d_Subest,N$7) -> 0 | O61: =COUNTIFS(d_Marca,$A61,d_Modelo,$B61,d_Subest,O$7) -> 0 | P61: =SUM(L61:O61) -> 0 | Q61: =COUNTIFS(d_Marca,$A61,d_Modelo,$B61,d_Subest,Q$7) -> 0 | R61: =COUNTIFS(d_Marca,$A61,d_Modelo,$B61,d_Subest,R$7) -> 0 | S61: =COUNTIFS(d_Marca,$A61,d_Modelo,$B61,d_Subest,S$7) -> 0 | T61: =COUNTIFS(d_Marca,$A61,d_Modelo,$B61,d_Subest,T$7) -> 0 | U61: =COUNTIFS(d_Marca,$A61,d_Modelo,$B61,d_Subest,U$7) -> 0 | V61: =SUM(Q61:U61) -> 0 | W61: =COUNTIFS(d_Marca,$A61,d_Modelo,$B61,d_Subest,W$7) -> 0 | X61: =COUNTIFS(d_Marca,$A61,d_Modelo,$B61,d_Subest,X$7) -> 0 | Y61: =COUNTIFS(d_Marca,$A61,d_Modelo,$B61,d_Subest,Y$7) -> 0 | Z61: =COUNTIFS(d_Marca,$A61,d_Modelo,$B61,d_Subest,Z$7) -> 0 | AA61: =COUNTIFS(d_Marca,$A61,d_Modelo,$B61,d_Subest,AA$7) -> 0 | AB61: =SUM(W61:AA61) -> 0 | AC61: =COUNTIFS(d_Marca,$A61,d_Modelo,$B61,d_Subest,AC$7) -> 0 | AD61: =COUNTIFS(d_Marca,$A61,d_Modelo,$B61,d_Subest,AD$7) -> 0 | AE61: =COUNTIFS(d_Marca,$A61,d_Modelo,$B61,d_Subest,AE$7) -> 0 | AF61: =COUNTIFS(d_Marca,$A61,d_Modelo,$B61,d_Subest,AF$7) -> 0 | AG61: =COUNTIFS(d_Marca,$A61,d_Modelo,$B61,d_Subest,AG$7) -> 0 | AH61: =COUNTIFS(d_Marca,$A61,d_Modelo,$B61,d_Subest,AH$7) -> 0 | AI61: =COUNTIFS(d_Marca,$A61,d_Modelo,$B61,d_Subest,AI$7) -> 0 | AJ61: =COUNTIFS(d_Marca,$A61,d_Modelo,$B61,d_Subest,AJ$7) -> 0 | ... AL61: =COUNTIFS(d_Marca,$A61,d_Modelo,$B61,d_Subest,AL$7) -> 0 | AM61: =SUM(AC61:AL61) -> 0 | AN61: =COUNTIFS(d_Marca,$A61,d_Modelo,$B61,d_Subest,AN$7) -> 0 | AO61: =COUNTIFS(d_Marca,$A61,d_Modelo,$B61,d_Subest,AO$7) -> 0 | AP61: =COUNTIFS(d_Marca,$A61,d_Modelo,$B61,d_Subest,AP$7) -> 0 | AQ61: =COUNTIFS(d_Marca,$A61,d_Modelo,$B61,d_Subest,AQ$7) -> 0 | AR61: =COUNTIFS(d_Marca,$A61,d_Modelo,$B61,d_Subest,AR$7) -> 0 | AS61: =COUNTIFS(d_Marca,$A61,d_Modelo,$B61,d_Subest,AS$7) -> 0 | AT61: =COUNTIFS(d_Marca,$A61,d_Modelo,$B61,d_Subest,AT$7) -> 0 | AU61: =COUNTIFS(d_Marca,$A61,d_Modelo,$B61,d_Subest,AU$7) -> 0 | ... AW61: =COUNTIFS(d_Marca,$A61,d_Modelo,$B61,d_Subest,AW$7) -> 0 | AX61: =SUM(AN61:AW61) -> 38 | AY61: =COUNTIFS(d_Marca,$A61,d_Modelo,$B61,d_Subest,AY$7) -> 0 | AZ61: =E61+H61+K61+P61+V61+AB61+AM61+AX61+AY61 -> 38
A62: SCHNEIDER ELECTRIC | B62: POWERLOGIC | C62: =COUNTIFS(d_Marca,$A62,d_Modelo,$B62,d_Subest,C$7) -> 0 | D62: =COUNTIFS(d_Marca,$A62,d_Modelo,$B62,d_Subest,D$7) -> 0 | E62: =SUM(C62:D62) -> 0 | F62: =COUNTIFS(d_Marca,$A62,d_Modelo,$B62,d_Subest,F$7) -> 0 | G62: =COUNTIFS(d_Marca,$A62,d_Modelo,$B62,d_Subest,G$7) -> 0 | H62: =SUM(F62:G62) -> 0 | I62: =COUNTIFS(d_Marca,$A62,d_Modelo,$B62,d_Subest,I$7) -> 0 | J62: =COUNTIFS(d_Marca,$A62,d_Modelo,$B62,d_Subest,J$7) -> 0 | K62: =SUM(I62:J62) -> 0 | L62: =COUNTIFS(d_Marca,$A62,d_Modelo,$B62,d_Subest,L$7) -> 0 | M62: =COUNTIFS(d_Marca,$A62,d_Modelo,$B62,d_Subest,M$7) -> 0 | N62: =COUNTIFS(d_Marca,$A62,d_Modelo,$B62,d_Subest,N$7) -> 0 | O62: =COUNTIFS(d_Marca,$A62,d_Modelo,$B62,d_Subest,O$7) -> 0 | P62: =SUM(L62:O62) -> 0 | Q62: =COUNTIFS(d_Marca,$A62,d_Modelo,$B62,d_Subest,Q$7) -> 0 | R62: =COUNTIFS(d_Marca,$A62,d_Modelo,$B62,d_Subest,R$7) -> 0 | S62: =COUNTIFS(d_Marca,$A62,d_Modelo,$B62,d_Subest,S$7) -> 0 | T62: =COUNTIFS(d_Marca,$A62,d_Modelo,$B62,d_Subest,T$7) -> 0 | U62: =COUNTIFS(d_Marca,$A62,d_Modelo,$B62,d_Subest,U$7) -> 0 | V62: =SUM(Q62:U62) -> 0 | W62: =COUNTIFS(d_Marca,$A62,d_Modelo,$B62,d_Subest,W$7) -> 0 | X62: =COUNTIFS(d_Marca,$A62,d_Modelo,$B62,d_Subest,X$7) -> 0 | Y62: =COUNTIFS(d_Marca,$A62,d_Modelo,$B62,d_Subest,Y$7) -> 0 | Z62: =COUNTIFS(d_Marca,$A62,d_Modelo,$B62,d_Subest,Z$7) -> 0 | AA62: =COUNTIFS(d_Marca,$A62,d_Modelo,$B62,d_Subest,AA$7) -> 0 | AB62: =SUM(W62:AA62) -> 0 | AC62: =COUNTIFS(d_Marca,$A62,d_Modelo,$B62,d_Subest,AC$7) -> 2 | AD62: =COUNTIFS(d_Marca,$A62,d_Modelo,$B62,d_Subest,AD$7) -> 0 | AE62: =COUNTIFS(d_Marca,$A62,d_Modelo,$B62,d_Subest,AE$7) -> 0 | AF62: =COUNTIFS(d_Marca,$A62,d_Modelo,$B62,d_Subest,AF$7) -> 0 | AG62: =COUNTIFS(d_Marca,$A62,d_Modelo,$B62,d_Subest,AG$7) -> 0 | AH62: =COUNTIFS(d_Marca,$A62,d_Modelo,$B62,d_Subest,AH$7) -> 0 | AI62: =COUNTIFS(d_Marca,$A62,d_Modelo,$B62,d_Subest,AI$7) -> 0 | AJ62: =COUNTIFS(d_Marca,$A62,d_Modelo,$B62,d_Subest,AJ$7) -> 0 | ... AL62: =COUNTIFS(d_Marca,$A62,d_Modelo,$B62,d_Subest,AL$7) -> 0 | AM62: =SUM(AC62:AL62) -> 2 | AN62: =COUNTIFS(d_Marca,$A62,d_Modelo,$B62,d_Subest,AN$7) -> 0 | AO62: =COUNTIFS(d_Marca,$A62,d_Modelo,$B62,d_Subest,AO$7) -> 0 | AP62: =COUNTIFS(d_Marca,$A62,d_Modelo,$B62,d_Subest,AP$7) -> 0 | AQ62: =COUNTIFS(d_Marca,$A62,d_Modelo,$B62,d_Subest,AQ$7) -> 0 | AR62: =COUNTIFS(d_Marca,$A62,d_Modelo,$B62,d_Subest,AR$7) -> 0 | AS62: =COUNTIFS(d_Marca,$A62,d_Modelo,$B62,d_Subest,AS$7) -> 0 | AT62: =COUNTIFS(d_Marca,$A62,d_Modelo,$B62,d_Subest,AT$7) -> 0 | AU62: =COUNTIFS(d_Marca,$A62,d_Modelo,$B62,d_Subest,AU$7) -> 0 | ... AW62: =COUNTIFS(d_Marca,$A62,d_Modelo,$B62,d_Subest,AW$7) -> 0 | AX62: =SUM(AN62:AW62) -> 0 | AY62: =COUNTIFS(d_Marca,$A62,d_Modelo,$B62,d_Subest,AY$7) -> 0 | AZ62: =E62+H62+K62+P62+V62+AB62+AM62+AX62+AY62 -> 2
A63: ALLEN-BRADLEY | B63: Total ALLEN-BRADLEY | C63: =COUNTIFS(d_Marca,$A63,d_Subest,C$7) -> 0 | D63: =COUNTIFS(d_Marca,$A63,d_Subest,D$7) -> 0 | E63: =SUM(C63:D63) -> 0 | F63: =COUNTIFS(d_Marca,$A63,d_Subest,F$7) -> 0 | G63: =COUNTIFS(d_Marca,$A63,d_Subest,G$7) -> 0 | H63: =SUM(F63:G63) -> 0 | I63: =COUNTIFS(d_Marca,$A63,d_Subest,I$7) -> 0 | J63: =COUNTIFS(d_Marca,$A63,d_Subest,J$7) -> 0 | K63: =SUM(I63:J63) -> 0 | L63: =COUNTIFS(d_Marca,$A63,d_Subest,L$7) -> 0 | M63: =COUNTIFS(d_Marca,$A63,d_Subest,M$7) -> 0 | N63: =COUNTIFS(d_Marca,$A63,d_Subest,N$7) -> 0 | O63: =COUNTIFS(d_Marca,$A63,d_Subest,O$7) -> 0 | P63: =SUM(L63:O63) -> 0 | Q63: =COUNTIFS(d_Marca,$A63,d_Subest,Q$7) -> 0 | R63: =COUNTIFS(d_Marca,$A63,d_Subest,R$7) -> 0 | S63: =COUNTIFS(d_Marca,$A63,d_Subest,S$7) -> 0 | T63: =COUNTIFS(d_Marca,$A63,d_Subest,T$7) -> 0 | U63: =COUNTIFS(d_Marca,$A63,d_Subest,U$7) -> 0 | V63: =SUM(Q63:U63) -> 0 | W63: =COUNTIFS(d_Marca,$A63,d_Subest,W$7) -> 0 | X63: =COUNTIFS(d_Marca,$A63,d_Subest,X$7) -> 0 | Y63: =COUNTIFS(d_Marca,$A63,d_Subest,Y$7) -> 0 | Z63: =COUNTIFS(d_Marca,$A63,d_Subest,Z$7) -> 0 | AA63: =COUNTIFS(d_Marca,$A63,d_Subest,AA$7) -> 0 | AB63: =SUM(W63:AA63) -> 0 | AC63: =COUNTIFS(d_Marca,$A63,d_Subest,AC$7) -> 0 | AD63: =COUNTIFS(d_Marca,$A63,d_Subest,AD$7) -> 0 | AE63: =COUNTIFS(d_Marca,$A63,d_Subest,AE$7) -> 0 | AF63: =COUNTIFS(d_Marca,$A63,d_Subest,AF$7) -> 0 | AG63: =COUNTIFS(d_Marca,$A63,d_Subest,AG$7) -> 0 | AH63: =COUNTIFS(d_Marca,$A63,d_Subest,AH$7) -> 0 | AI63: =COUNTIFS(d_Marca,$A63,d_Subest,AI$7) -> 0 | AJ63: =COUNTIFS(d_Marca,$A63,d_Subest,AJ$7) -> 0 | ... AL63: =COUNTIFS(d_Marca,$A63,d_Subest,AL$7) -> 0 | AM63: =SUM(AC63:AL63) -> 0 | AN63: =COUNTIFS(d_Marca,$A63,d_Subest,AN$7) -> 0 | AO63: =COUNTIFS(d_Marca,$A63,d_Subest,AO$7) -> 0 | AP63: =COUNTIFS(d_Marca,$A63,d_Subest,AP$7) -> 0 | AQ63: =COUNTIFS(d_Marca,$A63,d_Subest,AQ$7) -> 0 | AR63: =COUNTIFS(d_Marca,$A63,d_Subest,AR$7) -> 0 | AS63: =COUNTIFS(d_Marca,$A63,d_Subest,AS$7) -> 0 | AT63: =COUNTIFS(d_Marca,$A63,d_Subest,AT$7) -> 0 | AU63: =COUNTIFS(d_Marca,$A63,d_Subest,AU$7) -> 0 | ... AW63: =COUNTIFS(d_Marca,$A63,d_Subest,AW$7) -> 0 | AX63: =SUM(AN63:AW63) -> 0 | AY63: =COUNTIFS(d_Marca,$A63,d_Subest,AY$7) -> 8 | AZ63: =E63+H63+K63+P63+V63+AB63+AM63+AX63+AY63 -> 8
